Subject,BeliefAI,BeliefClimate,BeliefIsrael,BeliefTrans,Belief,ExtremeBeliefAI,ExtremeBeliefClimate,ExtremeBeliefIsrael,ExtremeBeliefTrans,ExtremeBelief,WVSTrust,TrustOverall,RepThermometer,DemThermometer,AffPol,RepNeg,RepPos,DemNeg,DemPos,RepAngry,RepContempt,RepAdmire,RepFear,RepEnthusiastic,RepPride,DemAngry,DemContempt,DemAdmire,DemFear,DemEnthusiastic,DemPride,RelativePolitics,RelativeAI,RelativeTrans,RelativeClimate,RelativeIsrael,ConsensusPolitics,ConsensusAI,ConsensusTrans,ConsensusClimate,ConsensusIsrael,Condition,UserName,OverallExperience,MagpieSimilarity,PropLiked,PropAligned,PropTrolls,TimePoint
CAzRnuebd,33.83,54.17,88.67,93.17,61.02,21.5,12.83,38.67,43.17,26.69,trust,42.2,75,10,65,11.67,57.33,40,6.67,30,3,60,2,61,51,40,0,20,80,0,0,85,51,91,76,89,40,51,60,55,51,Control,DaringBandicoot,8,9,99,60,1,After
CBRFwfztG,35.5,8.33,13.17,30.67,18.35,14.5,41.67,36.83,19.33,34.35,trust,45,0,70,70,73.33,0,15.33,56.67,80,82,0,58,0,0,31,7,60,8,60,50,15,29,22,0,24,50,50,40,75,50,Control,PersistentWombat,6,8,60,50,20,After
CCDmYlJbD,69.17,24.67,50,43.33,37.77,22.5,42,0,30,31.4,trust,26,10,20,10,58.33,0,20,30,50,50,0,75,0,0,20,30,30,10,30,30,30,31,20,20,50,0,50,20,20,50,Control,MerryPorcupine,6,5,72,51,75,After
CCzVvcVol,45,5,41.67,30,22.29,15,45,11.67,23.33,29.79,trust,58,40,90,50,20,0,0,76.67,0,0,0,60,0,0,0,0,90,0,80,60,20,50,20,40,50,60,60,60,70,60,Control,SereneFerret,9,6,90,70,10,After
CDHkFAmTR,25,73.33,50,85,60.42,31.67,30,18.33,38.33,32.08,distrust,34,80,0,80,43.33,63.33,86.67,0,60,60,70,10,60,60,100,100,0,60,0,0,88,60,90,70,60,70,30,0,40,40,Control,PositiveGrasshopper,9,8,100,90,0,After
CDIUpgPya,77.5,16.67,37.5,30.83,38.83,39.17,40,39.17,24.17,38,trust,72,95,12,83,4,95,46.67,15,12,0,95,0,95,95,70,0,15,70,15,15,85,25,35,30,90,65,65,35,85,70,Control,LuminousHornet,10,2,95,70,1,After
CEVqRRaWG,30.17,29.5,49.83,69.5,41.19,20.17,20.5,15.83,29.83,25.77,distrust,50.2,30,75,45,67.33,35,35,47,64,62,34,76,13,58,45,39,55,21,24,62,40,51,20,19,29,20,65,34,84,58,Control,BrightKiwi,10,7,90,85,9,After
CEfiUjgGc,45.33,14,53.83,50,31.44,11,36,5.5,0,22.48,distrust,21.6,19,79,60,30,9,0,67,42,48,17,0,9,1,0,0,70,0,64,67,24,38,37,14,41,31,52,20,50,49,Control,BrilliantMeerkat,7,5,51,66,50,After
CEjwSdPde,42.5,14.17,22.33,8.83,17,23.5,35.83,33,41.17,37.08,distrust,37.8,2,93,91,32,2,4.33,98.67,42,54,2,0,3,1,10,2,99,1,99,98,2,23,5,1,17,60,27,42,67,76,Control,ExcitingHippopotamus,9,6,89,68,28,After
CEpCkphur,48,48.5,48,43.33,43.83,12.33,18.83,12.33,13.67,18.58,distrust,60,68,74,6,8.33,51,4,58,11,12,51,2,51,51,3,6,51,3,62,61,40,57,41,56,51,38,45,42,42,40,Control,ZestfulMagpie,8,9,80,70,20,After
CEsPxROTe,68.33,37.5,37.5,65.83,43.75,18.33,15.83,19.17,15.83,19.17,distrust,71,10,85,75,15,0,8.33,83.33,10,10,0,25,0,0,15,10,85,0,85,80,15,10,45,30,30,15,75,15,35,30,Control,GratefulOstrich,10,8,100,85,0,After
CGOjitxoR,29.5,27.67,51.83,97.67,49.62,22.5,25.67,12.17,47.67,27.12,distrust,40.2,60,32,28,43.67,42.33,58.33,4.67,44,40,50,47,47,30,57,62,6,56,5,3,75,50,91,21,73,33,65,22,19,27,Control,IdealPuma,8,7,92,60,0,After
CGdWzySdX,43.83,53,55.67,68.33,53.48,17.17,17.33,13,23.33,17.6,distrust,22.8,97,3,94,62.33,91,29,7.67,91,96,94,0,90,89,4,3,6,80,8,9,98,82,89,75,92,37,62,38,87,75,Control,EncouragingTrout,10,10,100,70,0,After
CIessskUt,25.67,90.17,7.5,89.5,65.71,24.33,40.17,42.5,39.5,33.88,trust,36,80,25,55,0,83.67,64.33,12.67,0,0,85,0,86,80,66,61,15,66,12,11,90,86,99,94,50,60,79,75,72,67,Control,QuickMonkey,10,10,95,83,15,After
CJQeDbZVQ,2.5,5.83,0,14.17,8.23,47.5,44.17,50,44.17,44.06,distrust,16,0,60,60,88.33,0,46.67,13.33,100,100,0,65,0,0,70,70,20,0,20,0,0,0,0,0,0,30,50,40,80,25,Control,AmiableCat,6,4,70,65,80,After
CJbspHbTC,22.33,50.33,30.17,71.5,43.44,28,37,20.17,28.5,28.27,distrust,33.2,10,10,0,50,6.67,56.67,38.33,80,70,10,0,10,0,90,80,50,0,50,15,58,50,40,0,60,50,55,20,70,80,Control,PlayfulDeer,10,9,100,50,50,After
CJuzYpRuZ,66.83,25.83,47.33,75.83,50.52,23.5,24.17,6.67,30.83,16.81,distrust,53,58,55,3,25.67,52.33,19,51,23,24,54,30,53,50,23,24,52,10,50,51,60,58,69,51,50,55,51,35,51,37,Control,TenderEchidna,9,8,85,74,50,After
CKgZQgnKB,51,31.33,62.67,28.83,30.98,13,29.33,13,21.5,25.81,trust,53,18,53,35,42,5,17.33,29.67,60,60,12,6,2,1,52,0,36,0,35,18,21,39,19,21,57,28,22,15,26,11,Control,LivelyGorilla,7,4,72,37,18,After
CLKPqGgGu,23.17,0,37.33,1.17,11.4,26.83,50,12.67,48.83,38.6,NA,45.4,0,60,60,85,0,0,28.67,75,100,0,80,0,0,0,0,50,0,36,0,14,50,6,16,50,30,71,40,23,50,Control,ComposedPheasant,9,10,99,66,30,After
CMIzaBoPU,32.67,40.67,0,96.83,34.71,18,24.67,50,46.83,36.33,distrust,24.6,64,0,64,12.33,46,58,0,37,0,62,0,44,32,86,29,0,59,0,0,47,24,73,7,0,61,35,71,40,28,Control,IndependentIguana,10,9,94,31,2,After
CMMPrmUoq,30.83,4.17,41.67,76.67,27.08,32.5,45.83,18.33,26.67,33.96,trust,58,25,70,45,60,0,8.33,60,80,40,0,60,0,0,15,0,60,10,60,60,48,50,50,20,50,30,50,30,50,50,Control,CourageousWolverine,9,6,85,50,10,After
CMfWNlxjs,52.67,50.67,7.5,97.67,61.94,21.33,14,42.5,47.67,33.35,distrust,30.2,90,10,80,8.67,81,38.33,1,8,18,80,0,84,79,60,55,0,0,3,0,100,69,66,51,39,70,70,69,52,51,Control,LovingButterfly,10,9,95,57,15,After
CNbMIYkNg,25,4.5,52.67,0,18.44,28.67,45.5,11,50,38.15,trust,84,20,100,80,61.67,3.33,0,97.33,92,93,10,0,0,0,0,0,92,0,100,100,13,37,0,24,51,30,50,10,35,25,Control,FlexiblePuffin,10,8,80,60,20,After
COHoTLERz,46.67,90,100,91.67,80.81,13.33,40,50,41.67,35.4,distrust,24,60,0,60,10,36.67,81.67,0,25,5,50,0,35,25,90,75,0,80,0,0,75,40,90,100,75,25,65,25,70,40,Control,MajesticGecko,6,8,60,40,10,After
COYfMMsGr,85.5,19,43.17,80.17,47.1,35.5,36,7.83,40.5,36.23,trust,74,30,80,50,51,51,3.33,73.33,51,51,51,51,51,51,10,0,75,0,65,80,30,10,75,10,51,25,10,10,40,25,Control,EagerPelican,9,2,100,85,80,After
COlrVfbPH,61.67,18.83,29.5,44,31.4,22,42.17,30.5,22.67,35.6,trust,74.8,9,100,91,23.33,2,2.33,100,50,0,6,20,0,0,0,7,100,0,100,100,0,0,0,0,0,80,80,72,56,40,Control,FearlessRooster,10,8,100,70,60,After
CPmhEGypw,26.5,8.67,32,0.17,12.92,30.5,41.33,32.33,49.83,40.83,trust,75.8,13,93,80,40,5.33,0,94.67,76,13,16,31,0,0,0,0,96,0,98,90,9,42,10,3,51,42,42,22,80,27,Control,BenevolentWhale,10,6,72,68,0,After
CPvuASpuV,38,26.33,29.33,54.33,36.02,21,23.67,20.67,16,22.4,distrust,21.8,7,41,34,47,9.67,35.33,40,58,68,18,15,0,11,57,44,38,5,44,38,38,40,47,13,35,26,60,22,54,71,Control,GloriousBison,8,7,84,51,41,After
CQRnMifAY,33,44.17,50,68.33,42.6,20.33,12.5,0,18.33,17.4,distrust,38.2,30,60,30,40,0,30,46.67,60,0,0,60,0,0,50,30,50,10,50,40,50,50,60,40,50,30,60,30,30,35,Control,FlourishingCondor,9,5,90,50,10,After
CQdVqjGlh,72.67,31.17,39.67,9.67,33.75,26,26.17,14,40.33,29.08,trust,75,59,89,30,62.67,3.33,5,67.67,70,54,8,64,2,0,6,1,83,8,61,59,20,51,26,34,38,40,52,40,41,39,Control,SplendidCheetah,8,7,90,84,20,After
CSMPtqYgI,22.5,5,32.5,10.83,14.06,27.5,45,17.5,39.17,35.94,distrust,30,5,50,45,70,0,5,23.33,75,75,0,60,0,0,10,5,50,0,10,10,25,35,40,15,30,30,40,30,70,25,Control,GraciousDragonfly,10,3,90,85,5,After
CSgrBAjow,51.67,39.17,45,48.33,44.58,5,10.83,8.33,5,8.33,trust,50,70,70,0,0,16.67,0,16.67,0,0,50,0,0,0,0,0,50,0,0,0,50,50,50,40,50,40,70,45,68,60,Control,GenuineBaboon,8,5,100,50,0,After
CSnjVgdlS,70.67,32.5,36.67,6.67,29.35,37.33,25.83,36.67,43.33,40.81,distrust,26,0,25,25,66.67,0,43.33,23.33,100,100,0,0,0,0,75,55,25,0,15,30,45,0,0,25,50,55,75,25,25,50,Control,JoyousPanther,7,8,60,60,15,After
CSrghQtrz,35,23.17,64.17,26.67,36.46,15,26.83,15.83,23.33,20.21,trust,68,80,80,0,50,50,50,50,50,50,50,50,50,50,50,50,50,50,50,50,45,55,30,30,40,40,60,45,40,60,Control,NurturingLlama,8,5,80,65,0,After
CTZqYBnQt,36.5,2,20.33,5.83,16.77,21.5,48,29.67,44.17,36.23,trust,60.6,25,67,42,59,5.67,9,47,60,68,13,49,4,0,6,14,43,7,47,51,38,50,0,16,36,45,51,71,61,48,Control,InspiringReindeer,7,5,81,65,16,After
CUCorkASz,25.17,11.33,6.5,3.83,11.33,24.83,38.67,43.5,46.17,39.58,trust,60.4,30,75,45,64,11.67,8.33,67.67,76,61,30,55,5,0,12,0,58,13,77,68,9,35,0,17,13,40,50,60,46,35,Control,ExceptionalBumblebee,7,5,75,70,100,After
CUVPNicNs,37.5,8.33,33.33,4.17,15.62,20.83,41.67,16.67,45.83,37.08,distrust,36,5,25,20,96.67,0,40,19.67,100,100,0,90,0,0,40,50,20,30,30,9,10,50,10,5,50,20,40,20,40,50,Control,AwesomeCricket,10,2,95,85,1,After
CVdIOMEZc,10,59.5,20.17,90.17,50.56,40,20.5,29.83,40.17,33.35,distrust,22,40,30,10,26.67,41.33,51.67,12,38,39,46,3,37,41,67,43,30,45,4,2,65,70,70,72,48,74,70,80,35,35,Control,HopefulLemur,10,4,99,71,0,After
CWLwXbFeH,50,39.17,61,20.17,39.06,30,34.5,25.67,29.83,34.23,trust,86.6,81,61,20,13,79.67,16,30.33,30,8,81,1,72,86,15,17,40,16,41,10,80,50,50,35,85,85,85,21,71,50,Control,KnowledgeableRabbit,9,7,92,65,10,After
CWOTlnNVs,34.83,9.83,27.5,11,21.12,15.17,40.17,22.5,39,28.88,trust,73.4,14,71,57,62,4,18.33,71,81,51,5,54,5,2,35,9,66,11,73,74,15,36,7,9,37,70,71,46,73,55,Control,ImaginativeFlamingo,8,8,90,75,2,After
CWpquNybD,45.67,22.67,36.33,6.83,25.67,6.33,27.33,13.67,43.17,24.71,distrust,25.4,5,79,74,41,8,17.67,87.33,61,51,11,11,13,0,24,11,90,18,85,87,0,24,0,4,51,34,41,26,58,19,Control,VictoriousPenguin,6,6,47,38,54,After
CXQjGnxXc,45.17,39.17,50.33,63.67,44.81,27.83,27.5,1,42,27.4,trust,82,56,95,39,46,24,2.67,95,32,56,51,50,14,7,5,1,94,2,94,97,10,70,59,69,51,70,80,68,80,51,Control,JubilantLeopard,9,9,95,83,15,After
CXTgRJwql,43.83,30.5,50.33,55.67,43.56,9.17,19.5,8,13.33,15.35,distrust,57,54,57,3,37.67,31.67,37.67,38.67,13,69,37,31,26,32,31,43,41,39,38,37,61,55,59,29,57,55,58,58,42,42,Control,BubblyNightingale,8,6,68,44,15,After
CXsHzmNUB,25.5,26,6.5,18.67,19.6,24.5,30.33,43.5,31.67,32.48,NA,69.6,1,98,97,87.33,5.33,2.67,89.67,93,93,3,76,8,5,3,2,89,3,90,90,30,51,33,2,9,60,51,36,73,51,Control,BalancedQuoll,8,8,84,71,51,After
CXvLsKPJN,43.33,63.83,45.33,82.17,59.67,10.67,13.83,6,32.17,17.33,distrust,51.6,82,29,53,9,77.67,52.33,9,10,17,80,0,76,77,75,77,15,5,0,12,79,61,75,70,67,43,60,78,41,40,Control,FantasticSeahorse,9,9,61,73,21,After
CXzUsjSgx,62.33,56.5,55,56.5,49.19,24,23.83,15.33,27.17,27.52,distrust,54.4,90,16,74,11,72.67,82,13.67,11,8,73,14,75,70,83,78,17,85,11,13,71,63,37,69,63,62,72,71,72,40,Control,LoyalDragon,9,7,84,86,39,After
CYVVfeSYW,51.67,60.67,53.83,82.67,54.02,14.33,17.67,13.5,32.67,20.27,trust,69,80,50,30,20,68.33,60,43.33,25,25,50,10,80,75,70,60,50,50,40,40,70,70,50,70,50,70,70,50,70,60,Control,MindfulEel,10,8,90,75,60,After
CYaeqNmUE,50.17,43.33,26.67,61.67,46.48,23.5,26.67,26.67,28.33,27.31,distrust,52,60,85,25,18.33,68.33,20,83.33,0,55,60,0,65,80,0,60,80,0,90,80,0,0,60,20,50,60,70,55,75,0,Control,WarmKingfisher,8,9,100,100,35,After
CYcLJhpez,50.67,52.17,38.33,80.67,58.79,19,14.5,17,44,25,trust,40.8,70,22,48,47.67,11,58,0,93,0,15,50,17,1,85,0,0,89,0,0,76,72,77,40,36,49,63,35,49,24,Control,FabulousTortoise,10,10,90,57,5,After
CYobYmqin,50,40,42.5,44.17,39.06,3.33,13.33,7.5,19.17,15.52,trust,30.8,15,40,25,50,16.67,13.33,36.67,55,40,30,55,10,10,15,15,40,10,35,35,45,60,40,35,50,70,60,55,75,60,Control,EnthusiasticPeacock,9,6,100,55,0,After
CZNeTxFyp,52.67,36.17,46.33,68,52.02,20,19.17,15.67,22.67,21.9,trust,87.6,59,51,8,44.67,72.33,33.67,73.33,64,43,56,27,85,76,36,37,63,28,75,82,49,50,50,49,48,37,51,51,51,51,Control,InnovativeOtter,9,8,100,51,45,After
CZgSzaGaN,34.83,31,29.5,76.83,39.73,28.83,39.33,29.5,37.5,36.27,trust,90,88,72,16,1,89,24.33,24.67,0,0,90,3,88,89,10,11,51,52,12,11,71,64,60,62,71,65,31,25,33,51,Control,RemarkableTurtle,10,8,96,96,5,After
CaBeSFoSC,58.67,41.17,43.83,61,47.12,22,31.83,18.5,25.33,24.88,trust,64.8,81,77,4,17,65.67,13.67,48,35,13,88,3,66,43,35,6,68,0,39,37,73,27,39,11,62,41,75,33,22,66,Control,CharitableGibbon,10,9,84,67,11,After
CbOcgEjCe,83.33,18.33,53.33,96.67,59.62,33.33,38.33,20,46.67,32.54,distrust,34,60,50,10,70,10,76.67,0,80,80,30,50,0,0,80,100,0,50,0,0,55,50,100,50,50,20,60,10,80,30,Control,VibrantJellyfish,7,0,95,75,0,After
CbzmjGtVr,54.33,28.17,46.5,56.33,36.56,9,25.83,3.5,17,22.56,trust,68,25,83,58,20,13.33,0.67,64.67,20,39,29,1,2,9,1,0,62,1,57,75,10,4,45,2,60,37,39,59,10,21,Control,SpiritedSalamander,8,6,93,81,4,After
CcedvKrFu,35.33,23.17,50,16.67,26.58,24.67,43.5,0.67,50,33.58,trust,81.4,9,97,88,20,9.33,9.67,90,4,5,10,51,10,8,11,18,84,0,100,86,0,51,0,0,51,20,69,13,45,27,Control,CheerfulElephant,9,8,98,85,10,After
CdiKeDWYT,85.17,29.67,66,50.33,50.73,35.17,31,22,36,33.27,trust,52.6,95,13,82,0.33,79,71.67,0.33,0,1,83,0,69,85,94,51,0,70,1,0,69,42,58,63,86,20,70,31,85,33,Control,GenerousHummingbird,10,8,95,50,0,After
ChTAWOfwh,61,49.83,54.17,71.67,54.42,12.67,3.17,7.17,21.67,10.58,NA,43,56,33,23,43.33,52.33,61,29.33,43,43,55,44,51,51,66,66,40,51,31,17,59,51,51,54,51,51,51,46,51,43,Control,AffectionateFinch,9,8,71,70,18,After
CiDptFxLj,52.67,59.17,57.17,53.5,53.56,13,16.5,13.83,21.5,20.6,trust,47.4,74,35,39,4,64,58,16,9,1,61,2,63,68,61,62,23,51,10,15,71,71,29,62,72,55,60,28,42,60,Control,DependableParrot,8,7,92,76,9,After
CiEehcOsj,52,37.67,33.67,85.67,44,41.33,27.67,23.33,35.67,34.04,distrust,54.4,9,92,83,91,2.67,13.67,48.67,92,85,0,96,6,2,0,0,34,41,77,35,49,52,77,50,25,88,50,13,71,39,Control,HappyDuck,9,1,50,86,0,After
CiNdYjRSn,24.17,22.5,33.33,8.33,20.31,25.83,30.83,16.67,41.67,30.1,NA,51,20,49,29,30,0,13.33,1.67,30,60,0,0,0,0,30,10,0,0,5,0,20,25,25,35,35,70,45,55,45,40,Control,MagnanimousCow,8,0,85,80,15,After
CiuzUiRqV,40.17,36.67,17.33,38.33,28.29,14.83,20.33,32.67,21.67,26.96,distrust,35.8,3,62,59,53.67,0,8.67,41,73,60,0,28,0,0,24,2,40,0,50,33,30,33,39,25,18,34,50,19,60,30,Control,BlissfulDog,8,2,70,65,15,After
CiycKYYxJ,67,78.33,67.83,76.33,64.79,17,28.33,24.5,26.67,28.96,distrust,30,45,0,45,51,51,100,0,51,51,51,51,51,51,100,100,0,100,0,0,50,100,100,56,100,50,51,51,51,51,Control,HonestPossum,8,8,50,41,15,After
CjMGujLlC,49.33,48.83,51,52.67,50.81,11.67,12.83,6.33,11.33,11.19,distrust,54.2,60,51,9,39,41.33,35.33,36.33,39,38,37,40,47,40,37,34,39,35,34,36,64,55,45,64,41,51,64,51,65,43,Control,BeneficialCrayfish,10,5,100,51,11,After
CjevfJZUU,56.83,52.67,53.83,91.33,57.67,13.83,10,5.5,41.33,13.88,trust,33,60,30,30,9.67,52,56.33,11,15,7,50,7,51,55,60,55,19,54,8,6,75,50,92,54,50,30,58,65,61,31,Control,PassionateOwl,8,7,70,51,10,After
CkHieHoZJ,24.5,70.83,72.83,93,73.17,26.83,28.17,22.83,43,31.71,distrust,14.8,85,4,81,0,76.67,87.33,0,0,0,80,0,70,80,94,98,0,70,0,0,100,72,92,100,90,10,40,20,45,4,Control,ConsiderateYabby,7,8,35,30,10,After
CkMpoUnfH,58,30.67,29.67,16.67,27.83,16,21.33,20.33,33.33,26.88,trust,59,54,76,22,38.33,46,18,53.33,56,34,46,25,46,46,14,20,66,20,54,40,40,26,10,18,27,71,60,75,85,55,Control,GracefulShrimp,9,7,81,66,15,After
CkRSCcHxY,36.33,40.83,34.67,57.5,40.06,25.67,22.5,15.33,13.5,20.31,distrust,17.2,6,4,2,48.33,0,63.33,0,60,85,0,0,0,0,90,100,0,0,0,0,24,43,51,16,51,8,35,20,42,14,Control,ForgivingSquid,7,6,91,66,30,After
CkhcxVZuW,3,54,85.17,81.5,57,47,25,35.5,39.83,38.12,distrust,11.6,82,0,82,6,73.33,100,0,8,3,77,7,67,76,100,100,0,100,0,0,100,100,51,50,100,20,8,18,35,46,Control,ZenPig,10,0,100,21,51,After
CkyYVKEzY,23.33,15,43.33,21.67,25.08,26.67,38.33,26.67,31.67,31.12,distrust,4,0,0,0,100,0,100,0,100,100,0,100,0,0,100,100,0,100,0,0,50,50,0,25,50,25,65,35,55,50,Control,CapableWildebeest,10,1,100,70,20,After
ClyiajPdW,36.67,57.5,57.5,88.33,58.04,23.33,19.17,19.17,38.33,22.83,NA,31,30,30,0,0,13.33,10,5,0,0,20,0,20,0,15,15,15,0,0,0,60,40,80,40,60,40,45,40,25,40,Control,MotivatedOcelot,9,2,70,45,25,After
CmYczBLOf,28.67,32.67,31.67,13,25.04,21.33,20.67,18.33,37,29.08,distrust,48,20,85,65,56,7.67,35,70.67,65,30,15,73,4,4,13,82,61,10,68,83,25,37,9,12,46,35,70,28,31,60,Control,TenaciousIbis,8,9,85,60,20,After
CmlOgUnYN,40.5,41.33,52,4.67,26.92,18.83,19.33,12,45.33,30.33,trust,52,60,80,20,6.33,17,1.67,14,0,0,29,19,22,0,0,0,23,5,16,3,36,40,20,41,55,80,90,40,80,57,Control,CompassionateGazelle,10,6,96,65,0,After
CnQjsVymx,8.17,86.67,54,100,73.08,41.83,36.67,4,50,37.71,distrust,18.2,82,0,82,3,46.67,76.33,0,7,2,48,0,51,41,88,90,0,51,0,0,100,100,100,100,100,51,52,66,51,51,Control,YoungJaguar,5,6,2,0,61,After
CoGcKEuPC,14.67,5.5,25.5,0,8.35,40,44.5,26.17,50,42.44,trust,52.2,0,82,82,48.67,0,0,71.33,52,0,0,94,0,0,0,0,45,0,89,80,0,0,0,0,0,28,12,27,61,28,Control,CleverHawk,6,3,66,66,4,After
CoSpLNfnS,35,38.5,50.83,67.33,50.58,15,11.83,2.83,17.33,14.71,distrust,37.4,70,58,12,41,51.67,37,47.67,28,68,50,27,53,52,55,51,48,5,48,47,74,63,61,60,59,40,52,38,50,16,Control,EnergeticStingray,9,10,100,50,2,After
CpHJPiRfy,41.83,11.67,18.17,49.83,26.31,9.5,38.33,41.17,12.5,29.98,distrust,25.4,51,51,0,51,51,51,51,51,51,51,51,51,51,51,51,51,51,51,51,50,51,51,0,22,55,60,43,61,54,Control,PeacefulMongoose,6,5,90,57,2,After
CpZQxTzcs,0,58.33,50,66.67,41.67,50,8.33,0,33.33,25,trust,82,0,100,100,0,0,0,100,0,0,0,0,0,0,0,0,100,0,100,100,10,20,20,20,20,60,50,50,80,50,Control,KindheartedDonkey,10,10,100,50,0,After
CpoLaLseb,42.5,30,3.17,67.67,34.27,21.5,23.33,46.83,19.33,27.77,distrust,39.6,13,82,69,9.67,5,3.33,78,0,29,15,0,0,0,0,0,62,10,100,72,33,51,45,24,0,35,20,40,20,40,Control,MarvelousPorpoise,10,3,85,70,20,After
CrcOsfYWL,31.5,38.5,31.17,89.5,53.42,22.5,23.17,21.5,39.5,27.62,trust,26,61,4,57,2.67,53.67,51.67,0,8,0,52,0,57,52,67,77,0,11,0,0,75,50,80,80,51,46,75,70,47,65,Control,TalentedRhinoceros,8,8,95,55,5,After
CtBGgKvWr,50,32.33,49.67,91.5,53.65,1,18,13.67,41.83,22.52,distrust,63,86,40,46,9.33,87,51.33,26.67,9,9,90,10,81,90,51,52,29,51,40,11,81,50,100,20,72,51,71,29,90,29,Control,SunnySparrow,10,7,81,71,10,After
CunJfxMpJ,51,28.67,0,56.33,26.92,19.67,24.67,50,25.33,33.25,distrust,18.6,0,81,81,66.67,0,16.33,63.33,100,100,0,0,0,0,39,10,60,0,79,51,20,24,51,22,0,24,77,30,70,51,Control,NeatViper,9,9,92,81,15,After
CvxpmXaQM,49,70.17,3.17,100,59.12,42.33,36.83,46.83,50,44.17,distrust,6.4,58,4,54,6.67,22.33,60,0,9,3,37,8,17,13,70,86,0,24,0,0,86,45,100,73,0,25,60,4,22,3,Control,DiligentGiraffe,7,7,20,25,15,After
CvzdExdMp,66.67,8.17,91.17,39.5,36.31,30,41.83,41.17,10.5,34.02,trust,49,5,64,59,50,0,1,60.33,60,30,0,60,0,0,3,0,55,0,65,61,29,50,35,8,50,9,15,17,63,63,Control,MagnificentAardvark,4,3,70,50,5,After
CwaOxyeWf,48.33,27.5,63.33,31.67,36.88,28.33,34.17,13.33,31.67,28.33,distrust,16,5,30,25,90,0,73.33,18.33,90,90,0,90,0,0,80,80,20,60,20,15,25,50,25,10,25,30,70,20,10,20,Control,ReliableMacaw,9,0,100,50,0,After
CxhAPFkoh,40.17,53.33,72.5,55,49.52,11.83,12.67,22.5,9.67,15.94,distrust,41,58,39,19,31.67,35.67,49,24.33,44,16,51,35,39,17,45,57,36,45,17,20,60,51,63,60,65,35,51,35,35,41,Control,UnderstandingManatee,8,3,81,51,0,After
CxmtiiTHO,39.5,41.5,38.33,16.17,25.85,10.83,17.17,17.33,33.83,26.31,distrust,52.6,9,71,62,46,0,5,60.67,61,50,0,27,0,0,10,0,50,5,61,71,0,50,0,2,38,44,60,39,60,45,Control,DynamicPython,8,10,70,70,30,After
CxoNIzlwE,45,27.33,51.5,50.67,40.27,6,22.67,2.17,10,17.56,trust,58.8,100,100,0,17.33,51,17,51,1,51,51,0,51,51,0,51,51,0,51,51,28,51,19,51,51,23,51,29,51,32,Control,HelpfulEagle,7,7,100,51,18,After
CyLkkfQTJ,52.5,83.33,91,79.67,74.58,12.5,33.33,41,30,28.83,trust,20.4,51,0,51,4.33,14,67,0,0,13,15,0,14,13,50,51,0,100,0,0,90,49,91,92,91,18,51,51,25,51,Control,ObservantRaccoon,9,10,100,49,21,After
CyqikiqQy,50,6.67,5.83,0,13.54,33.33,43.33,44.17,50,41.88,trust,67.2,55,80,25,61.67,15,11.67,83.33,65,45,30,75,10,5,25,5,75,5,85,90,5,45,15,40,25,55,35,20,45,25,Control,EnchantingTiger,10,8,85,55,5,After
CyshdKeCl,65.83,22.5,66.5,29.17,35.83,31.83,35.83,32.17,42.5,34.54,trust,78.4,81,90,9,38.67,29.67,0,97.33,50,47,62,19,8,19,0,0,98,0,97,97,33,23,8,21,24,66,55,71,55,47,Control,LavishHare,10,7,90,80,5,After
CzBsKZYrD,38.5,16.67,3.67,10.67,19.21,21.17,33.33,46.33,39.33,33.71,distrust,47.6,0,31,31,47.67,0,6.33,34.67,51,30,0,62,0,0,19,0,40,0,33,31,9,61,0,0,0,40,71,70,65,30,Control,CarefreeJackal,7,8,81,81,29,After
CzspfbiMw,36.83,63.83,46.17,93.83,65.04,24.17,23.83,12.5,43.83,27.83,trust,38,94,7,87,8.67,75.33,68.67,0,0,24,61,2,74,91,64,81,0,61,0,0,98,83,100,61,85,57,57,85,44,32,Control,SupportiveCrocodile,10,9,96,85,3,After
RBMqVVYOK,58.67,29,41.67,60.83,37.54,25.67,21.33,9.67,21.83,23.96,distrust,34.4,14,80,66,50,11,16.33,53.33,51,33,14,66,19,0,14,15,55,20,51,54,16,18,27,16,51,68,0,0,0,0,Right,GenerousEchidna,7,5,77,75,12,After
RBWsIabZj,8.33,65,50,55.83,48.1,41.67,15,0,25.83,22.31,trust,36,5,5,0,20,6.67,18.33,6.67,10,50,10,0,5,5,5,50,5,0,10,5,50,50,50,50,50,20,50,20,20,40,Right,GracefulPheasant,9,7,75,50,25,After
RCvPoPOaV,28.67,32.67,60.5,43.83,36.19,21.67,19,23.5,37.17,27.69,trust,65.2,39,91,52,57.67,29.67,3.67,97,90,32,41,51,33,15,11,0,95,0,98,98,4,51,15,31,52,29,51,29,29,29,Right,EsteemedNumbat,10,5,95,62,84,After
RECLmKNVQ,48.5,10.17,22.5,41.5,24.1,27.5,39.83,27.83,22.5,31.35,trust,64.4,7,72,65,56,6,0,55.33,7,80,7,81,6,5,0,0,51,0,57,58,9,15,40,6,15,19,39,18,51,39,Right,HonestLion,6,5,71,61,19,After
RFIGyIePA,62,25,23,36.17,32.79,27.67,30.67,27.33,44.5,32.38,trust,81.8,12,85,73,66.67,0.67,0,100,100,100,2,0,0,0,0,0,100,0,100,100,8,23,0,24,24,67,55,61,66,55,Right,BlissfulGorilla,8,7,82,70,40,After
RFyqCKFpz,39.33,55,72.67,84.83,65.17,12,13.67,22.67,34.83,22,distrust,33,65,29,36,40.67,55.33,48,31.33,53,27,58,42,53,55,36,43,36,65,34,24,81,61,98,75,80,40,63,40,54,34,Right,UnderstandingKingfisher,8,8,76,51,20,After
RGLElMmpv,53.33,17.17,3.83,0.17,12.94,16.67,33.17,46.17,49.83,39.69,trust,46.8,32,71,39,64.33,23,22.67,60.67,61,63,7,69,62,0,33,31,59,4,56,67,8,50,4,1,5,29,65,36,77,60,Right,FlourishingMagpie,3,7,24,18,20,After
RGgvrsqCT,41.5,61.83,50,71.67,54.38,21.83,18.83,0,21.67,19.46,distrust,20,60,40,20,40,60,46.67,40,40,40,60,40,60,60,60,40,40,40,40,40,70,50,50,50,50,50,50,50,50,50,Right,HelpfulBee,9,8,75,50,25,After
RGraIoRwL,35,28.33,81.67,90,43.54,23.33,21.67,31.67,40,32.29,distrust,53,40,60,20,68.33,5,58.33,48.33,70,70,10,65,0,5,60,60,75,55,30,40,50,50,85,30,50,30,30,40,75,80,Right,MarvelousHare,9,10,85,70,10,After
RIFokvZUT,67.33,27.33,59.5,99,52.6,27,29.67,19.5,49,29.98,distrust,48,54,27,27,9.67,36.33,43,6.33,19,8,55,2,35,19,54,74,8,1,11,0,68,39,100,9,64,29,72,19,64,57,Right,VividMacaw,6,4,60,43,76,After
RIVeIsISS,48.33,22.17,67.67,64.5,46.75,20.33,34.5,17.67,24.5,21.33,trust,84.4,5,95,90,33,2.33,0,91.67,45,50,3,4,2,2,0,0,95,0,92,88,40,32,60,24,37,67,78,55,92,84,Right,MindfulFerret,6,7,30,44,24,After
RJjmdnnDz,33,53.83,47.67,28.5,37.88,17,8.83,14,28.17,21.29,trust,37.4,50,50,0,51.67,48.33,51.67,48.33,53,50,50,52,46,49,52,51,50,52,45,50,45,49,25,45,37,40,46,30,22,25,Right,MagnificentBuffalo,10,7,80,60,35,After
RJmsfQtXn,45,71.67,40,86.67,57.6,38.33,21.67,10,36.67,29.06,distrust,15,20,15,5,0,0,3.33,0,0,0,0,0,0,0,0,10,0,0,0,0,55,50,70,55,50,40,60,30,30,40,Right,JoyousWallaby,8,2,70,60,30,After
RKNdzyQRf,73.17,45.83,63.33,78.33,54.96,25.17,10.83,20,31.67,22.88,trust,64.4,90,65,25,4.67,82,17,27,6,8,86,0,86,74,31,16,59,4,10,12,75,91,74,50,73,47,60,50,46,50,Right,DiligentEgret,10,9,100,50,1,After
RKrMdDpzS,40.33,38.17,51.33,59.83,37.62,27.67,23.17,5.67,15.5,21.92,trust,69.6,37,59,22,34.33,38.33,15.67,48.33,46,34,35,23,38,42,17,18,47,12,55,43,45,51,38,18,51,43,67,54,70,40,Right,DaringKookaburra,7,6,67,73,10,After
RKxAQCOtl,60.67,18.83,50.83,37.67,32.83,15.67,36.17,7.5,24.33,25.54,distrust,37.2,15,57,42,16.33,10,6.33,22,23,11,7,15,17,6,12,3,32,4,23,11,17,15,24,23,51,33,21,12,24,15,Right,WarmShark,8,4,19,25,87,After
RLLLrLOyR,43.33,46.67,41.67,76.67,52.71,15,23.33,30,33.33,25.62,trust,66,10,25,15,68.33,11.67,20,41.67,80,65,30,60,5,0,0,0,30,60,55,40,50,50,85,25,50,70,75,70,50,50,Right,KindheartedPuma,9,2,85,50,5,After
RLedeoQsA,16.67,9.67,83.33,87.33,48.5,50,43,50,46,47.67,distrust,43,70,40,30,19.33,55.67,40,8.33,0,58,55,0,56,56,64,0,25,56,0,0,84,100,100,100,100,44,70,41,70,70,Right,InspiringCrab,10,10,100,71,0,After
RMHojlfES,54.33,10,5.5,17.5,20.31,19.33,40,44.5,32.5,36.19,distrust,21.2,5,50,45,79.67,0,13.33,38.33,90,89,0,60,0,0,20,20,25,0,40,50,10,45,5,5,10,10,45,10,70,0,Right,VirtuousArmadillo,8,8,70,65,20,After
RMNejIzMb,28.17,14.17,23.33,11.5,17.81,29.5,37.17,29.33,38.5,33.65,trust,62.2,8,87,79,75.67,8,24.33,76.33,71,71,5,85,6,13,36,28,76,9,79,74,4,43,7,8,12,33,60,33,71,39,Right,AffectionateWhale,8,7,74,44,17,After
RMWwBaUce,0,2,0,0,2.6,50,48,50,50,47.4,trust,27.6,0,1,1,10.33,0,38,1.67,5,6,0,20,0,0,36,73,2,5,0,3,0,0,0,0,0,50,64,50,68,50,Right,AmiableLeopard,2,0,7,20,85,After
RMXFJNNWZ,62.17,23.17,0,15.83,23.92,15.5,35.5,50,34.17,35.33,distrust,57.4,10,66,56,65.67,5,29.33,50,80,50,0,67,0,15,13,50,50,25,50,50,22,24,0,23,23,12,40,15,43,15,Right,ImaginativeHedgehog,7,10,60,39,57,After
RMyjUYWjj,51.83,70.17,66.83,85,64.96,18.5,26.17,18.83,35,26,trust,34.6,85,8,77,22,67.67,60,10,25,12,66,29,79,58,86,12,12,82,9,9,78,38,38,38,39,10,27,28,27,25,Right,TenderMoose,8,7,75,37,15,After
ROZVUGSXm,37,29,48.33,92.33,50.02,24.33,26.67,1.67,42.33,27.1,distrust,47.8,0,100,100,59.33,0,0,94.67,97,81,0,0,0,0,0,0,94,0,100,90,39,50,100,0,51,63,33,67,71,50,Right,EagerLamb,9,9,100,75,0,After
RQDfnCVUm,33.33,0,33.33,33.33,27.08,50,50,50,50,50,distrust,28.2,0,100,100,0,0,0,100,0,0,0,0,0,0,0,0,100,0,100,100,0,0,0,0,0,47,41,45,37,43,Right,ResilientOtter,10,10,97,87,0,After
RQQAHmxmF,70.67,54.67,21.5,96.33,60.04,27.33,37.33,28.83,46.33,36.54,distrust,6,80,10,70,0,63.33,68.33,3,0,0,70,0,69,51,60,55,5,90,4,0,51,51,80,40,51,34,70,85,61,51,Right,HopefulKiwi,8,4,50,50,33,After
RQYeHLEBJ,39.83,16.17,40.17,43,25.52,23.5,38.83,28.83,32.33,36.44,trust,44.4,0,82,82,100,0,1,83.33,100,100,0,100,0,0,2,0,80,1,81,89,17,5,4,0,51,51,87,89,37,51,Right,JustJaguar,10,10,78,61,39,After
RQasGydXg,95.83,83.33,50,80,65.1,45.83,33.33,16.67,30,35.94,trust,16.2,50,50,0,0,0,0,0,0,0,0,0,0,0,0,0,0,0,0,0,50,50,50,50,50,50,50,25,50,50,Right,YearningRooster,8,7,80,25,25,After
RQxSylmxc,48.17,44,66.17,51.33,47.6,17.17,22.33,18.17,19,23.27,distrust,37.6,89,67,22,22,79.33,51.33,24.33,26,19,77,21,84,77,55,37,29,62,26,18,51,50,51,51,51,30,43,32,78,60,Right,CourteousWombat,9,8,78,79,25,After
RRYzbeXQR,33.5,51.33,41.83,45,45.23,33.17,48,25.17,21.67,31.77,distrust,50,51,51,0,0,33.67,0,34,0,0,50,0,51,0,0,0,51,0,51,0,1,100,50,100,51,100,100,51,100,51,Right,CheerfulQuokka,10,5,51,51,51,After
RRoSLurOF,17.33,8.33,67.17,21,16.6,33,41.67,18.83,29,37.94,NA,46.8,0,91,91,85,0,0,93.33,100,100,0,55,0,0,0,0,90,0,100,90,0,50,10,0,10,70,61,61,90,60,Right,CharitableGoat,5,7,50,50,96,After
RRqikxYak,49.33,82.33,100,90.67,75.21,6.67,32.33,50,40.67,31.08,trust,40.8,100,0,100,0,100,85.33,0,0,0,100,0,100,100,100,100,0,56,0,0,80,51,100,100,100,51,69,57,40,70,Right,FlexiblePig,9,8,50,50,0,After
RRtkqHPcu,50.83,55.83,60,88.33,57.71,24.17,27.5,18.33,38.33,29.58,distrust,38,85,15,70,23.33,58.33,81.67,13.33,30,30,50,10,50,75,85,70,25,90,10,5,75,65,15,35,75,25,50,25,35,25,Right,BubblyDog,10,8,75,25,0,After
RSHbabwCm,61.5,36,21.83,29.5,29.77,11.5,19.33,28.17,20.5,26.77,trust,44.2,0,80,80,100,0,0,70.33,100,100,0,100,0,0,0,0,51,0,97,63,20,50,21,24,26,41,51,23,38,30,Right,NotableHummingbird,7,8,50,50,10,After
RSKiXKQpG,29.67,20.33,10.83,85,34.02,37.33,29.67,44.17,35,39.27,distrust,11.8,0,15,15,66.67,0,57,3.33,100,100,0,0,0,0,100,71,0,0,0,10,50,50,100,0,50,20,50,75,50,50,Right,AmazingHorse,8,10,41,50,0,After
RSTFUfdrr,29,1.67,6.67,13.83,10.33,36,48.33,43.33,36.17,41.96,distrust,34,0,75,75,83.33,0,13.33,48.33,100,100,0,50,0,0,40,0,60,0,30,55,0,10,0,0,10,0,60,0,0,0,Right,UpbeatCougar,9,9,50,60,33,After
RSYlYWErj,32.83,54.5,50.83,48.5,45.56,27.83,15.17,12.83,32.5,24.1,distrust,35.2,93,93,0,14,21,14,21,21,21,21,0,21,21,21,21,21,0,21,21,50,50,68,50,72,5,76,19,65,40,Right,SunnyFinch,8,7,98,71,16,After
RTobuAScs,19.83,34,28.5,19,20.44,30.17,40.33,21.5,31,34.6,trust,93.8,16,97,81,89.33,0,0,100,78,92,0,98,0,0,0,0,100,0,100,100,36,35,36,16,36,63,29,30,70,29,Right,QuaintPanther,8,5,100,100,0,After
RUXQgQNoa,20,5,3.33,8.33,12.29,36.67,45,46.67,41.67,41.46,distrust,38,20,80,60,66.67,0,0,80,80,60,0,60,0,0,0,0,80,0,80,80,0,0,0,0,0,30,50,30,40,30,Right,HeartfeltBandicoot,10,8,90,75,0,After
RUeSeKbFU,38.67,83.67,100,100,85,24.33,33.67,50,50,39.54,distrust,35.8,81,23,58,0,73.67,12,11,0,0,74,0,73,74,19,0,16,17,0,17,100,51,100,100,100,38,51,20,28,36,Right,JudiciousFox,6,7,51,51,18,After
RUziBQvba,40.67,69,59.5,88.83,61.75,15,19,9.5,38.83,18.38,trust,33.6,51,51,0,51,51,51,51,51,51,51,51,51,51,51,51,51,51,51,51,61,51,50,51,51,43,44,34,37,25,Right,EnchantingHawk,9,9,85,78,33,After
RWQWZkLib,54.33,17.83,58,67.17,48,15.67,32.17,16.33,27.5,27.42,trust,55.4,50,50,0,0,15.33,4,7.67,0,0,46,0,0,0,5,0,23,7,0,0,60,31,81,20,74,30,36,24,52,51,Right,SympatheticWoodpecker,5,3,85,54,0,After
RWdWvUJLY,8.33,33.33,20,56.67,34.17,41.67,43.33,46.67,6.67,32.92,NA,12,0,50,50,50,0,33.33,0,50,100,0,0,0,0,50,50,0,0,0,0,51,50,50,10,50,10,70,20,50,10,Right,CooperativeTurtle,5,5,90,50,1,After
RWnAFpHeG,72.33,21.33,49.17,55.33,42.77,22.33,33.33,9.17,18,21.15,trust,78.2,58,43,15,18,44,14,29.33,25,13,41,16,51,40,24,11,37,7,33,18,64,74,50,40,52,33,77,40,87,23,Right,OptimisticTortoise,9,5,100,50,4,After
RXNJhoAKj,67.5,19.17,20.67,27.33,25.73,21.17,30.83,36,22.67,30.81,trust,79,30,70,40,45.33,13.33,3.33,61.67,70,55,20,11,20,0,10,0,60,0,60,65,25,50,20,15,20,45,50,40,55,40,Right,ImpressiveBison,5,8,70,65,30,After
RXPHKEMvL,72.17,16.5,33.67,5,26.23,35.5,39.83,33.67,45,38.98,distrust,62.8,0,100,100,90.67,0,0,100,100,100,0,72,0,0,0,0,100,0,100,100,0,0,0,0,37,29,31,51,41,43,Right,ObservantBadger,5,6,40,50,76,After
RXPrRGuhW,49.17,32.5,75.17,10.83,35.33,4.17,24.17,25.17,39.17,27.42,trust,70,20,80,60,41,14.33,0,70,60,3,20,60,20,3,0,0,70,0,70,70,30,51,20,40,20,50,51,30,51,15,Right,EnrichingLorikeet,7,2,60,51,90,After
RXYnVQNLa,46.83,67.17,15.67,85.17,53.98,20.17,19.5,34.33,35.17,35.69,distrust,10.6,49,25,24,3.33,0,46.67,0,0,10,0,0,0,0,55,85,0,0,0,0,50,50,45,60,100,20,50,25,51,50,Right,CarefreeDragon,10,5,85,65,5,After
RXiUkuAap,61,87,77.83,79.5,71.79,15.33,37,27.83,34.17,28.38,trust,63.8,63,14,49,25.67,63,83.33,7,34,32,60,11,68,61,88,89,9,73,4,8,68,59,75,84,60,21,57,62,38,18,Right,CleverPelican,9,8,61,59,15,After
RYMLxIXkw,47.83,52,50.17,81.67,57.9,36.5,31,0.83,48.33,30.9,distrust,35,100,0,100,0,98.33,81.67,0,0,0,95,0,100,100,80,77,0,88,0,0,100,51,100,51,51,0,51,0,0,0,Right,ForgivingPenguin,5,7,0,0,50,After
RYXdupqZk,30.17,30,47.33,73.17,44.31,21.17,26.67,14.33,33.5,23.65,distrust,48.2,40,40,0,0,16.67,0,0,0,0,40,0,10,0,0,0,0,0,0,0,50,50,50,50,49,25,55,81,100,50,Right,ThrivingImpala,9,9,100,75,0,After
RYauDtJpw,35.83,24.33,38.83,55.33,41.71,15.83,25.67,11.17,21,19.04,NA,20,50,50,0,2.33,0,2.67,0.67,2,5,0,0,0,0,3,5,2,0,0,0,50,51,61,13,50,38,50,28,36,28,Right,VibrantGrizzly,8,5,81,37,10,After
RYrsiPrvo,32.17,1.67,11.5,3.33,10.21,21.17,48.33,39.83,46.67,42.46,distrust,36.4,0,80,80,96.67,0,52,52.67,100,100,0,90,0,0,53,51,53,52,53,52,15,40,15,35,35,40,52,10,45,52,Right,SplendidCockatoo,4,3,30,49,25,After
RYwdtOcyG,42.67,25.67,91.5,83.83,55.33,11.33,25.33,41.5,33.83,31,distrust,60.2,16,41,25,0,0,3,10,0,0,0,0,0,0,9,0,17,0,13,0,52,51,61,29,70,64,54,54,51,48,Right,JoyfulAardvark,9,9,78,44,17,After
RacaMugsp,45.5,30.17,55.5,30.83,34.23,11.83,21.5,27.17,29.17,24.98,distrust,63.8,20,86,66,35.67,5,1.67,82.67,51,51,10,5,4,1,4,1,91,0,78,79,31,22,35,22,51,30,30,4,33,20,Right,WelcomingFrog,7,2,67,57,20,After
RbBlmBela,37.67,18,34.83,40.83,24.83,13,33,15.83,9.17,26.21,trust,70,1,50,49,50.33,0,0,18.33,59,78,0,14,0,0,0,0,29,0,26,0,50,50,50,38,43,30,33,19,57,63,Right,QualifiedSalamander,7,2,50,51,25,After
RbcqHuPvg,18,13.33,3.33,13.5,17.23,32,36.67,46.67,36.5,37.1,distrust,27.4,10,20,10,30.67,0.33,17.67,1,33,23,1,36,0,0,13,25,3,15,0,0,0,51,5,10,0,29,48,39,25,9,Right,GentleTrout,6,3,57,18,18,After
RcERxRqtZ,25,35.67,10.33,46.33,34.9,31.67,26.67,39.67,19.67,29.85,distrust,31.2,18,71,53,53,17,51,65,64,10,14,85,28,9,42,56,61,55,68,66,39,12,24,29,5,16,12,22,63,0,Right,SupportiveRhinoceros,6,8,10,5,45,After
RcJDTjcFp,31.67,6,7.67,13,15.52,35.33,44,42.33,37,40.06,trust,46.8,0,10,10,48,2,68.67,19.33,88,55,0,1,0,6,100,45,0,61,34,24,4,29,0,0,0,49,70,41,73,70,Right,HappyPigeon,4,9,75,50,18,After
RcaqYviRX,24.17,40,3.33,71.83,42.31,30.83,13.33,46.67,25.17,27.1,trust,29.6,95,95,0,0,55.33,8.67,43.33,0,0,51,0,60,55,21,0,50,5,30,50,55,50,75,60,10,45,45,40,45,30,Right,NobleLobster,8,6,75,50,10,After
RcdZopeiP,38.33,7.5,15,11.5,17.06,23.33,42.5,48.33,38.5,40.65,distrust,35,35,65,30,53.67,0,33.33,55,70,71,0,20,0,0,35,40,55,25,55,55,40,40,0,0,0,20,45,15,45,30,Right,GraciousHyena,8,6,80,70,35,After
RclHxGhGG,34.5,14,46.5,37.67,24.67,32.5,36,31.83,35,38.71,distrust,7,0,15,15,95,0,73.67,13,100,100,0,85,0,0,100,83,0,38,0,39,0,51,0,0,51,46,19,28,33,21,Right,CompassionateHippopotamus,3,10,31,25,85,After
RcqiGBIWB,47.33,19.33,40.33,11.83,26.5,21.67,37.67,15,38.17,33.92,distrust,57.8,0,100,100,91.67,0,2.67,96.67,90,85,0,100,0,0,8,0,91,0,99,100,19,30,18,10,50,40,29,10,20,51,Right,CalmLynx,4,10,30,25,51,After
RcvPHgvLm,46.83,49,67.67,55.17,41.38,24.17,29.67,34.33,15.17,27.88,trust,78.4,72,100,28,5.33,36.33,0,93,0,0,67,16,42,0,0,0,91,0,100,88,25,16,16,31,52,40,45,48,54,60,Right,ExcellentMantis,7,7,80,60,29,After
RdElrFIRs,67.83,21.33,45,64,36.75,22.83,32,10,14.33,23.12,trust,69,15,85,70,82,5.33,17.33,76.67,80,91,10,75,4,2,40,10,75,2,80,75,25,50,35,0,50,50,50,35,49,55,Right,FortunateWolverine,8,5,80,60,45,After
RdiFroHkb,50.83,16.67,25.33,85.83,44.71,29.17,33.33,29.67,46.17,36.33,distrust,23.6,60,25,35,37.33,55.67,35,9.33,37,41,55,34,59,53,74,31,12,0,8,8,40,64,7,22,12,21,38,3,5,11,Right,LaudableStingray,10,8,80,20,3,After
RdnDNBads,44.5,43.33,52,43,44.04,19.17,33,2.67,14.33,18.96,trust,54.8,39,82,43,61,28.67,24.33,77.67,72,28,32,83,32,22,14,27,77,32,80,76,27,35,35,50,45,36,61,0,0,61,Right,PlayfulGecko,9,9,72,27,26,After
RdwUQdfzN,50,100,100,95,79.27,26.67,50,50,45,39.27,trust,20,70,0,70,40,43.33,96.67,0,60,50,40,10,50,40,90,100,0,100,0,0,50,45,50,60,50,20,50,20,20,20,Right,ReliableCheetah,5,5,40,10,10,After
ReFoGQAkB,54.17,13.33,25,0,22.19,24.17,43.33,25,50,38.44,distrust,4,0,100,100,100,0,0,100,100,100,0,100,0,0,0,0,100,0,100,100,0,15,0,0,15,30,35,10,15,35,Right,KeenCrow,10,10,100,85,0,After
RfIjcyvrH,35.67,37.17,47.33,71,48.33,17.67,22.5,21.33,21.67,25.04,distrust,50.6,0,93,93,30.67,6,31.67,92,80,11,1,1,11,6,0,95,96,0,89,91,54,19,8,8,51,31,64,80,6,20,Right,MajesticYak,9,7,72,67,14,After
RfWXqTvtr,47,32.83,49.33,40.17,38.56,7.33,17.5,7,10.17,16.48,distrust,41.6,23,59,36,56,8.67,13.33,38,51,56,18,61,5,3,15,10,51,15,31,32,43,51,42,29,51,34,65,57,55,69,Right,BrilliantOwl,9,3,90,77,33,After
RfnDFKxze,30,9.5,30.83,11.33,15.33,27.33,40.5,19.17,38.67,35.58,trust,56.8,19,71,52,63,0,6.67,67,73,61,0,55,0,0,20,0,60,0,71,70,8,30,7,7,29,19,20,20,62,8,Right,AdaptablePorcupine,8,3,72,50,20,After
RgeUvPxRe,42.5,16.67,37.5,2.83,21.6,17.5,35,22.5,47.17,31.31,trust,94,20,95,75,35,16.67,0,90,60,30,30,15,10,10,0,0,90,0,90,90,12,50,30,30,30,50,75,25,70,35,Right,TranquilFlamingo,10,7,80,65,5,After
RgqMcQKTA,94.17,13.5,83.5,66.83,46.35,44.17,46.83,33.5,33.83,42.02,trust,79,0,100,100,100,0,0,88.67,100,100,0,100,0,0,0,0,100,0,82,84,41,0,0,0,0,40,50,36,68,39,Right,BoldCricket,0,3,0,0,51,After
RhDpVfpOH,8.17,10.33,16.67,0,11.21,41.83,43.67,50,50,46.67,distrust,16.2,0,0,0,100,0,100,0,100,100,0,100,0,0,100,100,0,100,0,0,0,0,0,0,0,14,20,18,22,20,Right,DeterminedYabby,0,10,8,9,51,After
RhNQvAGjY,19.67,73.83,11,100,62.92,42,24.17,39,50,37.46,distrust,17.2,0,0,0,0,0,0,0,0,0,0,0,0,0,0,0,0,0,0,0,51,67,100,51,52,34,83,19,51,51,Right,AwesomeDhole,10,5,90,20,6,After
RhQxoitAv,48,49.67,48.33,91.67,54.21,9,17,12,41.67,24.29,distrust,10.8,83,0,83,0,71,75,0,0,0,66,0,77,70,100,100,0,25,0,0,77,50,87,73,64,20,10,10,50,23,Right,GloriousSeal,7,7,20,30,25,After
RhaHGiGCU,55.5,1.67,28.33,42.67,22.94,15.5,48.33,32.33,22.67,35.52,trust,64.8,0,100,100,74,1,0,100,100,100,0,22,3,0,0,0,100,0,100,100,12,2,29,1,29,61,62,38,90,67,Right,NurturingBat,8,6,74,75,1,After
RhjAkqWfx,45.67,60,56.5,72.33,53.06,7.33,11,10.5,29.67,16.48,trust,43.6,51,51,0,51,51,51,51,51,51,51,51,51,51,51,51,51,51,51,51,62,51,51,51,51,60,51,51,51,51,Right,DazzlingManatee,10,5,100,78,0,After
RhuAXrYff,41.67,9.67,22,84.5,30.44,28.33,40.33,38.67,34.5,36.27,distrust,24,30,50,20,43.33,0,26.67,20,40,0,0,90,0,0,10,70,20,0,20,20,60,50,70,0,0,20,70,9,50,50,Right,PassionateAlligator,10,9,100,100,60,After
RijzkQbRn,62.33,31,60,52,43,15,19,13.33,15.67,20.33,distrust,44.2,0,90,90,20.33,6,3.67,87,6,8,6,47,6,6,4,7,87,0,90,84,5,23,24,24,24,20,30,7,21,9,Right,LavishPorpoise,10,9,90,50,0,After
RjDsIitac,71.67,35.83,67.5,41.67,53.33,28.33,24.17,25.83,25,29.38,distrust,52,70,0,70,25,50,73.33,0,65,10,60,0,50,40,80,50,0,90,0,0,80,80,0,80,50,30,30,60,50,50,Right,EmpatheticWalrus,10,5,95,70,0,After
RkGRhGoah,43.33,69.67,45.83,84.17,64.02,18.33,19.67,14.17,34.17,21.52,distrust,14.4,95,2,93,0,94,83.33,0,0,0,85,0,100,97,100,100,0,50,0,0,73,50,50,55,50,40,50,30,40,50,Right,AmbitiousKoala,8,8,80,90,25,After
RkHFBYRxD,47,45.5,71.33,84.33,59.75,11.33,21.5,28.67,34.33,28.17,trust,46,78,25,53,26.67,70.67,71,10,36,31,77,13,68,67,74,80,15,59,8,7,100,56,91,39,68,36,59,30,40,43,Right,CourageousBilby,9,8,95,75,15,After
RkuIGRUgM,49.17,34.17,49.17,53.33,41.31,12.5,19.17,7.5,6.67,17.48,trust,34.8,30,70,40,50,14,0,68.33,60,60,19,30,23,0,0,0,60,0,75,70,47,50,55,20,60,60,60,40,45,35,Right,ResourcefulAntelope,9,7,85,75,5,After
RlbtttHMJ,22.17,45.33,75.5,83.33,60.65,29.5,45.33,42.17,50,39.15,distrust,44.2,100,0,100,0,100,33.33,0,0,0,100,0,100,100,100,0,0,0,0,0,100,100,100,100,100,54,53,54,0,0,Right,InnovativeGrasshopper,10,10,100,41,9,After
RlcCbAvbV,54.17,34.17,31.67,10,29.48,20.83,19.17,25,40,28.65,distrust,32,20,80,60,58.33,6.67,6.67,66.67,60,60,20,55,0,0,20,0,60,0,70,70,25,10,0,51,30,30,60,30,60,50,Right,ConfidentWildebeest,8,2,70,50,10,After
RmnEkTYSw,45,8.5,55.17,53.33,29.38,22,41.5,18.17,23.67,32.62,distrust,10,0,61,61,41,0,0,43.33,65,58,0,0,0,0,0,0,0,0,59,71,20,24,24,22,50,50,60,40,81,50,Right,DevotedDolphin,10,9,80,50,10,After
RmrMdbGoQ,30,82.5,74.17,85,75.83,20,34.17,29.17,38.33,33.96,trust,29.2,75,35,40,3.33,60,56.67,0,10,0,50,0,75,55,80,35,0,55,0,0,90,50,90,100,60,35,70,19,70,35,Right,JollyOctopus,10,9,100,35,10,After
RnKJLErjF,73.17,28.33,68.17,100,55.29,35.17,38.33,36.5,50,40.08,distrust,37.4,100,0,100,33.33,100,21,0,0,100,100,0,100,100,63,0,0,0,0,0,100,100,100,62,100,13,51,0,0,0,Right,JubilantCat,10,9,92,64,8,After
RnzRgWqmR,45,55.5,57.5,37.33,42.54,12.67,12.83,7.83,16,19.46,distrust,37.6,33,26,7,33.33,6,13.67,17,14,33,12,53,3,3,22,16,31,3,15,5,44,37,21,54,55,47,44,39,46,51,Right,BraveGazelle,8,10,59,33,27,After
RorutAXNj,77.67,41.5,73.33,78.33,57.58,31.33,27.83,23.33,28.33,27.25,trust,56.2,100,100,0,13.33,73.67,17,48.33,18,22,91,0,64,66,33,13,58,5,42,45,82,37,72,70,40,55,43,38,89,67,Right,OutstandingSeahorse,10,9,100,41,0,After
RptDdfymm,46.5,92.5,100,94.17,73.21,34.83,42.5,50,44.17,40.33,distrust,28,85,5,80,21.67,46.67,97.33,0,65,0,75,0,65,0,100,100,0,92,0,0,95,50,90,100,100,20,50,15,10,35,Right,KnowledgeableJellyfish,10,10,95,60,15,After
RqPYFLfMk,47.67,82.17,89.17,93.17,71.12,15,32.17,39.17,43.17,28.88,distrust,18.8,60,13,47,0,0,21.67,0,0,0,0,0,0,0,0,65,0,0,0,0,81,51,83,76,74,51,51,30,51,61,Right,LovableDuck,8,8,14,28,51,After
RqPltPoiZ,13.5,11.67,49,26.67,20.98,37.83,45,3.67,43.33,35.56,trust,55.2,6,87,81,67.33,0,0,85,80,51,0,71,0,0,0,0,82,0,93,80,51,51,18,18,51,40,51,37,67,51,Right,YoungReindeer,10,6,86,56,50,After
RqjoQdzFP,34.33,28.83,83.5,100,58.17,21,29.83,33.83,50,34.79,distrust,51,0,51,51,66.67,0,0,51,100,100,0,0,0,0,0,0,51,0,51,51,51,51,51,51,51,0,51,51,51,51,Right,HarmoniousViper,10,10,100,100,0,After
RqquYZMzi,76.67,71.67,70,96.67,68.96,26.67,21.67,20,46.67,30.21,distrust,11,65,0,65,0,50,76.67,0,0,0,50,0,50,50,100,80,0,50,0,0,70,50,90,80,80,30,50,40,30,30,Right,GleefulOstrich,6,5,50,51,51,After
RqrwvlDMJ,39.33,58.83,53,83,57.06,14.67,12.5,4,33.33,19.56,trust,42.2,90,25,65,20.33,80,56.33,14,6,38,79,17,80,81,79,72,19,18,13,10,80,51,81,51,51,51,49,37,39,47,Right,SincereLadybug,8,5,49,40,65,After
RrjNNVvnK,41.33,12.17,43,18.33,24.31,12.33,37.83,15,31.67,30.4,trust,64.8,0,74,74,66.67,0.67,6.67,67,99,90,0,11,0,2,10,6,74,4,66,61,19,51,30,10,51,60,69,31,62,40,Right,CharismaticCamel,7,7,70,75,20,After
RsECgyDOI,54.5,14.83,50,69.5,37,21.17,40.17,0,39.5,31.79,distrust,18.2,0,100,100,100,0,0,100,100,100,0,100,0,0,0,0,100,0,100,100,0,15,30,0,50,25,25,50,70,0,Right,CreativePossum,10,5,90,80,10,After
RsIDyJmLx,27.5,60.67,72.17,95.33,59.15,22.5,11.33,22.5,45.33,26.52,distrust,58.6,95,20,75,14,75,70.67,2.33,9,29,70,4,79,76,85,76,5,51,2,0,99,51,78,85,72,38,51,0,42,70,Right,ValorousBeaver,8,6,75,67,74,After
RszRPNhcN,43.33,22.5,38.33,35.83,34.38,18.33,35.83,38.33,40.83,33.12,distrust,10,10,85,75,70,0,0,55,65,85,0,60,0,0,0,0,50,0,65,50,10,50,0,20,0,30,35,15,20,20,Right,GratefulChicken,8,8,90,70,15,After
RtFRSLvqm,68.5,77,92.83,95.5,74.33,23.83,27.67,42.83,45.5,31.67,distrust,8,83,38,45,29.67,79.33,74,6.67,55,27,82,7,78,78,65,62,9,95,8,3,49,100,100,25,100,38,64,18,24,51,Right,SmilingMouse,9,9,82,65,34,After
RtZUkgnPc,55.83,6.67,50.83,19.17,25.62,25.83,43.33,27.5,30.83,34.58,trust,50,5,95,90,66.67,0,0,50,100,100,0,0,0,0,0,0,20,0,70,60,50,50,25,0,50,65,40,60,30,75,Right,WholesomeSparrow,8,8,80,60,100,After
RtjbpdEFW,58.83,41.33,51.33,38,47.54,17.83,20.67,18.67,17.67,20.83,trust,71.2,39,79,40,46,52,30,86.67,64,38,82,36,36,38,13,63,90,14,83,87,12,63,79,84,39,87,59,74,90,65,Right,PositiveTurkey,10,8,84,69,82,After
RvizZFbau,33.17,25.67,54,65.33,39.94,23.5,33.33,12.67,32.67,31.85,distrust,43,73,73,0,25.33,55,25,56.33,0,76,72,0,51,42,0,75,69,0,46,54,66,49,99,100,51,13,45,63,65,54,Right,LovingFireworm,10,6,100,91,20,After
RwGuOQOaW,24.17,10.5,19,21.17,16.56,28.83,39.5,31,30.5,34.73,distrust,19,7,33,26,62,4,28.33,42,80,90,5,16,4,3,31,22,39,32,45,42,31,35,40,16,24,14,46,11,67,22,Right,RadiantFalcon,3,5,30,40,35,After
RwgEMOCZn,63,63.83,85.33,89.17,65.08,21.67,25.5,35.33,39.17,27.04,trust,36.2,90,19,71,18.33,76.33,33.33,18.33,22,22,81,11,77,71,68,16,20,16,22,13,75,71,39,61,83,36,63,45,63,66,Right,DependableDingo,7,7,61,73,40,After
RxBheWwbe,41.67,78.33,45,95,70.65,35,28.33,15,45,31.9,distrust,18,70,0,70,3.33,55,66.67,0,10,0,50,0,65,50,100,100,0,0,0,0,100,80,100,100,100,20,40,0,0,30,Right,NeatLemur,6,8,70,70,0,After
RxEpnOVLD,41.67,30.17,38.67,34.67,29.77,15.33,20.5,17.33,35.67,26.9,distrust,42.8,10,81,71,62.33,15.67,36,75.67,76,29,15,82,20,12,40,34,76,34,79,72,9,36,2,0,40,25,51,20,31,51,Right,BalancedRidgeback,10,7,100,90,0,After
RxRFCfsFk,42.5,32.33,35.17,46.67,38.6,11.17,23,17.5,8,17.98,trust,74.4,77,88,11,3.67,42,0,63.67,5,6,50,0,34,42,0,0,68,0,60,63,22,32,32,2,32,63,75,58,80,76,Right,LightheartedEmu,10,9,96,74,13,After
RyHVMtoXW,77.83,14,10.17,56.83,34.21,27.83,42.67,43.5,15.83,32.42,distrust,32.2,31,72,41,43.67,12.33,33.33,81.33,93,38,10,0,4,23,0,100,79,0,72,93,25,0,71,19,0,40,70,24,80,27,Right,TrustworthySquid,10,9,30,20,40,After
RytALFYgN,56,63.67,84.5,85.5,73.46,16.33,33.33,48.83,35.5,36.5,distrust,20.6,81,5,76,0,63,80.33,0,0,0,70,0,58,61,87,99,0,55,0,0,92,51,100,90,100,51,67,68,40,79,Right,IdealDonkey,7,8,69,60,30,After
RzRGcdPrJ,28.33,99.67,100,100,78.35,22,49.67,50,50,40.77,distrust,21.6,100,0,100,0,100,100,0,0,0,100,0,100,100,100,100,0,100,0,0,91,51,70,100,91,10,20,32,20,51,Right,BrightNewt,5,8,9,5,11,After
RzpZBSJIL,52.5,20.83,34.17,36.67,37.92,27.5,29.17,29.17,23.33,30.42,trust,78,40,80,40,55,41.67,40,80,60,35,50,70,35,40,25,85,75,10,85,80,20,20,20,10,20,40,80,20,35,65,Right,EloquentBumblebee,10,2,90,80,10,After
RzuoCLCRf,40,48.17,49.33,75.83,48.29,19.67,9.83,1.33,25.83,17.83,distrust,18.4,10,11,1,44,10.33,48.67,8,50,71,6,11,12,13,75,62,10,9,7,7,50,50,18,43,19,21,66,32,71,21,Right,FaithfulChimpanzee,10,9,91,50,50,After
LAfyFIhAT,60.33,34,8.5,5.83,23.27,27,16.67,41.5,44.17,36.85,trust,76,31,90,59,40,14.33,21,78,9,40,18,71,21,4,8,50,79,5,77,78,51,51,0,0,12,40,50,34,73,61,Left,UpbeatParrot,9,8,93,75,6,After
LAnqgqolk,20.83,14.17,10.83,19.17,17.5,37.5,40.83,39.17,30.83,37.92,trust,47,25,90,65,13.33,6.67,6.67,78.33,15,20,10,5,5,5,10,10,90,0,80,65,5,20,10,0,0,75,65,70,80,60,Left,WonderfulGorilla,10,3,95,85,10,After
LBWlVueLB,61.67,43.83,90,26.5,47.17,19.33,30.83,40,23.5,30.08,trust,57,33,12,21,46.33,37.33,74.33,21.67,62,57,51,20,28,33,85,85,17,53,24,24,51,51,7,40,85,23,12,12,9,14,Left,RespectfulOwl,8,7,77,51,33,After
LBbUKBTkJ,71.33,6.83,38.83,68.33,43.69,38,43.17,17.83,45,37.9,trust,87.8,9,90,81,29.33,1.33,0,89,82,0,4,6,0,0,0,0,77,0,100,90,20,10,20,32,50,35,70,60,78,40,Left,CourageousPorpoise,9,9,90,60,5,After
LBepgBhJR,69.17,92.5,36.83,98.67,73.23,19.83,42.5,14.17,48.67,32.35,trust,34.6,75,35,40,13,39.33,76.67,12,20,12,51,7,36,31,66,69,12,95,12,12,51,51,100,100,51,70,51,85,30,51,Left,VirtuousMeerkat,8,8,90,51,66,After
LBvKkhRlJ,62.5,22.5,50,53.33,38.23,19.17,30.83,0,20,23.23,trust,49,10,30,20,53.33,7,8.33,33.33,70,60,0,30,21,0,15,10,30,0,40,30,40,10,20,10,50,40,50,30,70,35,Left,CaringGecko,8,7,80,65,10,After
LCChIJtdZ,16.83,31.67,62.33,50.17,41.4,33.17,24.33,27,20.5,28.02,trust,48,38,30,8,10.67,40.33,22.67,23,19,11,44,2,38,39,27,32,36,9,13,20,58,66,39,42,72,43,63,39,78,44,Left,VictoriousKoala,8,8,79,40,27,After
LDiJWJnMH,48,44.83,41.83,47,44.5,9,14.17,11.17,12,13.17,trust,67,43,72,29,0.67,17.33,0.33,64,1,0,42,1,9,1,1,0,86,0,51,55,62,60,71,54,53,60,51,51,51,51,Left,AmazingIbis,9,7,94,82,28,After
LDxtaDEKz,52.17,76.5,60,65.67,50.29,19.83,26.5,10,24.33,26.04,distrust,4.2,50,50,0,50,50,50,50,50,50,50,50,50,50,50,50,50,50,50,50,60,45,42,64,50,6,12,12,10,12,Left,LavishPenguin,1,3,10,3,91,After
LEPaiUTuc,89.5,80.5,50.17,80.83,73.79,39.5,30.5,20.17,47.5,35.83,distrust,30.4,85,10,75,0,78.67,15.67,10.67,0,0,78,0,78,80,25,22,10,0,5,17,67,100,100,100,51,26,51,51,76,56,Left,WarmTurkey,10,8,100,20,5,After
LHATOEOwt,39.17,24.17,41.67,15.83,24.17,14.17,25.83,10,34.17,26.46,trust,65,20,75,55,35,0,13.33,55,55,50,0,0,0,0,30,0,55,10,55,55,50,50,45,45,50,55,50,45,55,35,Left,YouthfulPeacock,6,6,50,35,40,After
LHaOTSSOP,42.5,55,81.67,69.17,56.04,12.5,6.67,31.67,19.17,17.71,distrust,41,75,60,15,35,55,53.33,31.67,30,30,55,45,65,45,45,45,40,70,25,30,65,50,40,55,91,35,60,35,40,25,Left,UniqueSnail,9,8,90,35,70,After
LINrRVIZl,53.83,85.83,65.33,100,69.12,10.83,35.83,17,50,35.5,distrust,14.4,100,0,100,0,100,66.67,0,0,0,100,0,100,100,100,100,0,0,0,0,100,100,100,100,50,15,65,0,15,50,Left,ImpressivePanda,6,3,70,34,41,After
LJyjNrTlD,19.67,18.33,1.33,3.5,14.23,30.33,33.33,48.67,46.5,36.6,trust,32.2,0,38,38,100,0,48,46.33,100,100,0,100,0,0,69,58,43,17,36,60,23,50,0,0,0,13,20,30,30,45,Left,GentleCrow,9,8,80,70,5,After
LKEkJstrJ,35,10.83,68.33,37.5,37.19,21.67,39.17,18.33,25.83,29.06,distrust,32,40,40,0,40,3.33,40,0,30,50,10,40,0,0,50,50,0,20,0,0,50,50,20,20,60,25,70,20,30,30,Left,YearningHare,8,9,80,60,30,After
LKJPvqFox,46.17,76.67,74.33,77.17,62.94,16.5,28.33,26,30.17,25.44,distrust,22.4,72,1,71,13,60,85.33,3.33,16,10,63,13,57,60,89,89,5,78,3,2,75,78,84,92,92,65,58,31,76,88,Left,DiligentKiwi,9,8,92,76,4,After
LKkkDmpND,54.33,38.33,58.33,66.67,44.46,17.67,30,11.67,20,23.71,trust,57.6,55,65,10,20,36.67,25,46.67,10,0,50,50,20,40,10,15,55,50,40,45,40,50,25,45,60,27,70,50,66,46,Left,MotivatedBandicoot,5,1,99,20,85,After
LLFYLEmff,55.33,67.67,97.17,78.33,73.04,22.33,39,47.17,38.67,36.58,distrust,12.8,100,0,100,0,100,36,0.67,0,0,100,0,100,100,3,5,0,100,0,2,100,100,100,100,100,33,70,19,17,32,Left,TrustworthyAlligator,10,10,100,97,0,After
LLQEYFuKR,58.67,23.33,41.83,27.33,30.88,22.33,31.67,27.83,22.67,28.88,trust,82,10,83,73,65.33,11,22.67,57,65,72,22,59,8,3,38,18,62,12,54,55,28,26,33,10,17,73,60,57,77,59,Left,InsightfulHornet,7,7,69,62,9,After
LLRMRaJcN,65.83,67.5,84.17,86.67,65.83,32.5,25.83,34.17,36.67,30.08,distrust,45.8,95,10,85,0,98.33,70,1.67,0,0,95,0,100,100,85,100,5,25,0,0,80,75,80,75,90,30,75,80,40,33,Left,LightheartedWoodpecker,10,10,100,65,1,After
LLRbHXApA,32.17,25.5,34,66,35.25,22.17,24.5,21,16,25.62,distrust,17.8,1,40,39,47,0,13.33,36.67,71,70,0,0,0,0,30,10,50,0,50,10,35,32,32,5,32,41,39,20,44,31,Left,DynamicSparrow,5,2,40,80,10,After
LLketqeRT,48.33,1,31.5,17.5,17.15,30,49,28.5,42.5,39.94,trust,79,50,86,36,23.33,22.67,2.67,85.33,40,0,30,30,19,19,8,0,81,0,90,85,10,30,30,0,20,30,80,20,81,70,Left,ConfidentPanther,9,9,90,60,15,After
LMbpVZmpx,18.33,16.67,1.67,42.5,12.6,40,38.33,48.33,25.83,41.35,NA,36,0,70,70,93.33,0,8.33,68.33,100,100,0,80,0,0,20,5,65,0,75,65,0,25,0,0,0,30,40,30,30,35,Left,UnderstandingPossum,10,10,85,80,5,After
LMjIGUHQH,30.83,62.5,38.33,78.33,48.85,32.5,27.5,15,38.33,27.6,trust,28,70,30,40,23.33,50,60,6.67,60,10,50,0,50,50,55,55,20,70,0,0,70,65,85,40,50,30,30,30,15,20,Left,CaptivatingGoat,7,5,90,40,30,After
LNZUzFmIE,46.67,24.17,11.67,26.67,23.96,31.67,29.17,38.33,30,34.38,distrust,40,0,40,40,46.67,0,5,0,40,40,0,60,0,0,10,5,0,0,0,0,25,0,10,40,5,10,20,5,25,10,Left,AffectionateWolf,9,10,80,80,20,After
LNelNyGco,45,35.5,37.67,65,49.52,28,22.17,19.33,19.33,26.4,trust,61.2,78,54,24,0,64.33,25,16,0,0,59,0,71,63,34,41,8,0,40,0,100,65,64,59,79,55,61,38,60,66,Left,JoyousFirefly,10,6,94,83,0,After
LNwkqmGPm,40.17,36.83,32.33,3.5,25.38,17.5,17.83,17.67,46.5,26.62,trust,58.2,20,73,53,44.33,6.33,9.33,54,62,28,10,43,9,0,9,13,53,6,56,53,10,38,0,35,50,36,56,37,64,50,Left,VividGiraffe,8,7,80,80,4,After
LOraSucAr,70,39.17,34.17,77.5,51.56,20,22.5,35.83,27.5,29.69,distrust,59,90,25,65,3.33,90,21.67,3.33,10,0,90,0,95,85,60,5,10,0,0,0,95,55,85,30,60,60,55,40,85,25,Left,ZenBat,9,7,80,40,10,After
LPZjPqHNL,23,22.5,57.83,75,42.73,36,27.5,10.83,41.67,34.15,distrust,4.8,0,0,0,41.67,0,54.33,0,50,75,0,0,0,0,63,100,0,0,0,0,50,50,50,50,50,18,3,17,9,0,Left,ValorousMoose,10,8,84,59,0,After
LQorWymOo,66.83,67.33,30.17,48.33,45.62,30.17,19.67,23.5,20.33,27.92,distrust,27.2,41,38,3,58.67,22.33,32,34,59,58,39,59,10,18,5,35,38,56,31,33,51,84,38,51,55,10,64,10,48,49,Left,LoyalMonkey,7,4,50,44,80,After
LRrsRqdUz,62.5,28.5,33.33,41.17,41.77,27.5,27.17,37.33,34.5,31.27,distrust,69,15,80,65,58.33,2,1,83.33,83,85,3,7,1,2,2,0,81,1,88,81,23,52,19,16,34,52,64,52,59,75,Left,ExcitingTurtle,10,8,90,70,6,After
LTCYwtjBg,5,23.33,12.5,46.33,17.42,45,35,45.83,45.33,43.54,distrust,29.2,0,20,20,46.67,0,23.33,18.33,90,10,0,40,0,0,60,10,0,0,35,20,35,45,35,10,20,30,40,25,55,25,Left,SweetGazelle,10,10,90,90,5,After
LTyLdxhEH,34,25,8.33,61.67,36.42,29.33,30,41.67,20,30.12,trust,32.8,17,20,3,29,15.67,26.67,20,35,35,17,17,15,15,35,35,30,10,15,15,15,40,35,35,15,30,40,30,35,25,Left,InnovativeOcelot,9,9,90,70,10,After
LUdcJiGfu,36.83,20.17,12.67,15,23.88,16.5,29.83,37.33,35,27.17,distrust,36.4,9,46,37,69,12.33,44.33,47.67,66,74,12,67,10,15,53,45,46,35,53,44,10,48,17,17,16,25,46,39,48,42,Left,GloriousJaguar,7,6,69,81,27,After
LVQLTEgNd,52.67,2,8.17,0.83,10.23,32,48,41.83,49.17,44.1,trust,71.4,11,83,72,66,13,7,77.67,80,86,9,32,21,9,4,12,81,5,79,73,0,17,0,0,0,64,35,62,88,73,Left,QualifiedFrog,8,9,89,93,2,After
LVQepDJIr,29.17,62.67,48.33,55,45.98,21.17,15.33,9.67,33.33,25.85,distrust,55.2,10,95,85,46.67,0,15,57.33,70,70,0,0,0,0,10,35,70,0,51,51,23,51,13,34,51,81,49,80,60,50,Left,GenuineIguana,7,8,90,51,10,After
LWDdYGhrt,45.83,51.67,45.67,51.67,48.08,10.5,10.33,8.33,23.33,16.88,distrust,49.2,91,54,37,2.33,86.67,14,28.33,2,2,90,3,84,86,20,17,32,5,28,25,72,56,60,52,52,74,55,60,53,61,Left,MarvelousChimpanzee,10,6,92,81,2,After
LWnuENIED,51.5,71.67,75.33,97,71.5,9.5,25,25.33,47,28.83,trust,32,80,10,70,0,71,37.67,0,0,0,50,0,81,82,50,50,0,13,0,0,80,51,100,86,81,20,60,35,22,13,Left,WiseKingfisher,2,4,5,5,50,After
LXGcEtQLw,23.17,9.17,11.33,14.17,15.1,43.5,40.83,38.67,44.17,41.35,distrust,34,40,80,40,26.67,0,1.67,46.33,0,80,0,0,0,0,0,5,20,0,70,49,0,50,0,34,25,35,55,80,51,72,Left,QuaintPelican,9,7,80,60,20,After
LXXmkydGq,83.33,0,100,83.33,46.88,50,50,50,50,48.96,distrust,20.4,0,100,100,66.67,0,0,100,100,100,0,0,0,0,0,0,100,0,100,100,10,0,100,0,0,25,50,25,50,25,Left,CleverJellyfish,10,10,50,50,0,After
LYerFePTo,25,18.33,9.83,11.67,12.25,32,48.33,40.17,45,43.62,distrust,40,0,40,40,62.67,0,3.33,40,100,69,0,19,0,0,10,0,30,0,60,30,0,50,25,0,20,25,40,60,60,35,Left,BeneficialMacaw,7,3,40,60,15,After
LZECCxqyz,45,48,55.33,53.17,52.1,21.33,20.67,9.33,24.17,23.27,distrust,24.8,75,25,50,11.33,69.67,70,18.33,13,13,61,8,70,78,59,69,16,82,19,20,75,69,37,64,54,25,39,21,31,38,Left,QuickOstrich,8,8,92,81,0,After
LZTWcQlWf,52.5,66.67,80.17,92.5,73.81,23.5,31,30.17,42.5,29.52,distrust,24.8,100,0,100,0,100,100,0,0,0,100,0,100,100,100,100,0,100,0,0,86,61,93,91,100,21,68,11,11,12,Left,YoungHawk,8,6,38,45,70,After
LZlCpSpOf,29,26,89.17,92,52.54,37.67,34,39.17,42,33.88,distrust,7.2,5,10,5,45.67,0,6.33,5,42,11,0,84,0,0,2,0,10,17,1,4,40,42,100,0,100,40,51,40,42,20,Left,DeterminedSeahorse,10,5,95,15,0,After
LZpJmXfOI,28.67,71.5,93.17,84.83,61.1,30.33,22.17,43.17,42.5,36.56,distrust,13,50,10,40,0,50.67,25.33,0,0,0,50,0,51,51,76,0,0,0,0,0,80,50,80,82,80,25,72,30,24,51,Left,EnthusiasticBee,10,3,100,50,0,After
LZropcRFA,12.5,83.33,91.67,96.67,67.29,37.5,33.33,41.67,46.67,37.29,distrust,4,70,0,70,0,0,66.67,0,0,0,0,0,0,0,100,100,0,0,0,0,90,60,100,100,90,20,65,20,15,20,Left,HopefulBoa,8,9,50,5,1,After
LaOzQWtHk,36.83,54,52.67,79.67,53.42,19.83,13.67,17.67,29.67,22.17,trust,46.8,75,62,13,20,54.33,36.33,9,16,44,52,0,53,58,62,42,4,5,5,18,75,63,71,66,74,60,45,40,55,56,Left,CreativeTiger,10,8,95,85,0,After
LabjVdrvp,62.83,20.83,43.33,29.5,39,12.83,29.17,6.67,27.5,19.38,distrust,37,71,26,45,3,65.67,41.33,48,4,0,73,5,64,60,58,5,52,61,44,48,75,59,42,12,38,28,55,40,20,33,Left,SmilingWhale,7,7,87,34,6,After
LapUFrekf,50.83,29.67,42.5,8.17,26.4,8.17,27.33,22.17,41.83,29.15,trust,76.4,31,80,49,63.67,20,3.33,75,75,69,40,47,20,0,5,5,70,0,80,75,31,50,9,46,31,47,64,43,75,50,Left,MagnificentPig,8,8,95,80,10,After
LbDCuvuCS,40,43,36.5,43.83,43.75,15,8,13.5,12.83,11.38,trust,46,50,50,0,30,40,20,41.67,50,10,40,30,40,40,20,20,45,20,40,40,55,45,55,45,50,61,60,50,60,40,Left,AmiableTortoise,7,6,70,70,15,After
LbRvugFnz,49.5,1.33,38.67,73.17,28.21,10.5,48.67,24.67,33.83,33.12,distrust,50.2,5,82,77,53,0,0,50.33,60,70,0,29,0,0,0,0,61,0,60,30,10,21,61,20,41,15,50,25,69,34,Left,DazzlingLamb,9,1,81,66,0,After
LbWXQecJa,70.83,29.17,24.5,8,31.6,24.5,20.83,31.83,42,30.44,trust,68,11,92,81,100,1,0,100,100,100,3,100,0,0,0,0,100,0,100,100,30,20,20,41,72,41,56,23,38,38,Left,EmpatheticDragonfly,10,7,82,73,22,After
LbceCmLrX,11.5,67.17,24.17,85.17,49.54,38.5,24.5,25.83,35.17,31,distrust,11.6,70,0,70,15.33,20.33,81.67,0,46,0,30,0,20,11,100,80,0,65,0,0,60,60,70,57,56,60,61,71,59,21,Left,ThoughtfulCricket,8,8,80,60,23,After
LbjPXrCkx,36.33,28.17,44.17,79.17,40.46,34.33,25.5,22.5,34.17,27.58,distrust,14,20,55,35,6.67,0,20,3.33,0,20,0,0,0,0,0,60,10,0,0,0,35,19,60,20,15,25,30,60,20,55,Left,ConsiderateButterfly,9,10,70,57,40,After
LbxncFhpF,57.17,0.67,3.33,58.33,27.31,32.5,49.33,46.67,37.67,42.48,distrust,47.6,0,97,97,42.33,0,0,71.33,0,53,0,74,0,0,0,0,92,0,69,53,19,50,50,0,0,10,28,29,65,74,Left,OriginalEchidna,5,5,50,68,21,After
LdGpbosat,32.83,58.5,61,70.33,51.42,17.17,16.17,13.67,29.67,22.5,distrust,21.2,53,34,19,13,14,23.67,1.33,34,0,41,5,1,0,36,0,4,35,0,0,50,50,59,34,78,58,51,63,42,34,Left,MerryToucan,8,7,100,80,30,After
LdhBfVGlb,66.33,94.83,100,95.67,79.56,28,44.83,50,45.67,39.35,distrust,29.4,92,0,92,0.67,89.67,66.67,0,2,0,89,0,90,90,100,100,0,0,0,0,90,64,60,94,91,25,79,37,13,11,Left,CourteousAntelope,9,6,79,84,15,After
LeiGjKDus,50.17,38.67,16.67,19.83,27.79,4.17,13,33.33,30.17,23.58,trust,44.4,8,76,68,43,0,0,69.67,54,55,0,20,0,0,0,0,59,0,66,84,9,50,0,10,0,4,34,2,4,5,Left,AdmirableFlamingo,8,8,55,53,29,After
LfHkscoRu,40,13.67,48.5,29.67,30.69,21,36.33,11.5,21.67,24.73,trust,74,29,81,52,55,9.33,10.33,69.67,70,62,28,33,0,0,15,16,65,0,80,64,19,59,14,25,50,70,68,40,40,68,Left,ArtisticFinch,7,6,81,87,8,After
LfOtXlrSt,66.67,66.67,66.67,100,73.44,50,50,50,50,49.48,distrust,4,65,0,65,0,36.67,91.67,0,0,0,60,0,50,0,100,100,0,75,0,0,50,50,50,50,50,40,50,70,20,30,Left,MajesticPlatypus,3,10,20,30,0,After
LgBJrDnRr,9.33,7.33,50.17,44.17,24.06,41,42.67,0.17,7.17,28.35,NA,17.8,0,0,0,0,0,0,0,0,0,0,0,0,0,0,0,0,0,0,0,50,50,50,50,50,50,50,50,50,50,Left,ComposedDolphin,8,3,100,50,65,After
LhSqyIwZi,41.33,30.83,50,58.33,41.98,8.67,19.17,0,8.33,12.31,NA,50,50,50,0,50,50,50,50,50,50,50,50,50,50,50,50,50,50,50,50,50,50,50,50,50,60,41,29,50,60,Left,NeatChicken,10,9,99,50,5,After
LiJGEmKbF,48.33,84.5,75.33,75.33,61.19,21,34.5,25.33,25.33,25.44,trust,47.4,63,17,46,4.33,52.67,58.67,12.33,7,2,57,4,48,53,59,44,11,73,7,19,56,51,55,92,69,32,54,57,32,54,Left,KindheartedStingray,8,8,100,54,14,After
LiXWkrhuM,48.17,42.17,55.83,42.17,39.85,20.83,11.83,18.5,13.5,19.98,trust,76.4,25,74,49,44,12.33,7.33,67.67,45,50,13,37,11,13,6,8,71,8,72,60,50,30,42,30,70,40,60,30,54,45,Left,NotableEmu,6,3,75,66,57,After
LjVJekdqI,56,19.33,25.5,68.33,33.12,14.67,30.67,41.17,30.67,34.21,distrust,52.8,0,51,51,100,0,28.67,30,100,100,0,100,0,0,55,31,44,0,46,0,40,45,44,17,50,30,72,80,88,41,Left,FantasticPython,8,8,80,60,4,After
LjVpvdmKg,60,25,17.5,41.67,30.31,18.33,36.67,32.5,23.33,27.19,trust,48,5,75,70,83.33,0,8.33,73.33,75,100,0,75,0,0,10,15,75,0,80,65,35,60,50,35,30,35,60,60,55,55,Left,ThrivingHorse,9,3,85,80,25,After
LjsiDEImn,46.67,16.17,46.83,43.67,30.56,21.33,33.83,11.17,30,29.77,distrust,40.4,12,86,74,78,0,2.33,79,73,81,0,80,0,0,4,3,82,0,83,72,17,12,11,0,13,28,32,35,32,34,Left,OptimisticQuoll,10,2,100,100,0,After
LlTonJcYQ,45,16.67,31.67,18.33,25.21,15,33.33,18.33,35,29.38,trust,51,20,70,50,40,6.67,0,60,50,60,10,10,10,0,0,0,70,0,60,50,25,40,25,35,50,20,60,70,75,30,Left,FaithfulRhinoceros,9,8,90,80,10,After
LlzFSBekV,29.83,0,15,8.33,8.73,36.83,50,43.33,41.67,45.44,trust,61,25,80,55,36,0,0,60,58,50,0,0,0,0,0,0,70,0,60,50,0,50,0,0,25,50,55,35,62,25,Left,SympatheticQuokka,8,10,75,50,25,After
LmLWdCmsi,62.67,97.5,97.5,95.17,80.81,34.67,47.5,47.5,45.17,42.52,distrust,14,100,0,100,0,96.67,100,0,0,0,90,0,100,100,100,100,0,100,0,0,85,40,30,30,40,30,35,25,20,40,Left,CalmUnicorn,10,10,100,55,5,After
LmohptYjX,44.17,24.17,62.33,29.83,38.67,9.83,25.83,12.33,25.83,23.79,trust,92.2,77,100,23,33,38.67,0,100,19,18,50,62,30,36,0,0,100,0,100,100,8,40,9,7,36,69,56,21,62,43,Left,ImaginativeWolverine,10,9,90,90,10,After
LnFkQuPPx,39.83,12.83,18,0.33,17.71,18.83,37.17,32,49.67,36.29,trust,77.6,32,96,64,38.33,16.33,0.67,95.67,49,50,37,16,4,8,2,0,91,0,97,99,32,50,0,7,35,40,50,74,67,50,Left,SunnySalamander,8,6,87,81,20,After
LnFsbltvX,32.17,29.5,11,10.67,23.67,18.5,26.5,39,39.33,29.79,trust,56,13,51,38,71.33,5.67,11.67,34.67,78,71,0,65,17,0,17,13,20,5,51,33,18,51,18,8,10,31,49,19,56,38,Left,CapableCobra,7,8,71,60,60,After
LnoyrTzrd,20.67,27.17,21,40.67,27.38,29.33,22.83,33.67,18,29.12,distrust,22.6,40,51,11,0,33.33,0,42.67,0,0,50,0,50,0,0,0,50,0,50,28,34,50,40,6,32,10,55,0,30,52,Left,JoyfulNewt,10,7,95,80,0,After
LnzUOcKMw,57.67,42.5,48.33,18.5,41.23,21,12.83,1.67,31.5,23.27,trust,75,100,100,0,0,51,0,63.33,0,0,51,0,51,51,0,0,60,0,65,65,30,20,10,70,50,5,10,60,55,50,Left,HarmoniousCat,10,9,99,50,0,After
LodLELsqH,41.67,27.83,65,5.17,26.62,21.67,38.83,15,44.83,31.5,distrust,44,10,60,50,58.33,11.67,45,36.67,85,70,20,20,10,5,65,70,40,0,40,30,3,60,0,0,80,30,60,20,75,55,Left,BrightCamel,8,6,60,40,5,After
LolnzNwuy,60,19,61.67,83.33,48.52,40,37.67,31.67,33.33,37.73,distrust,34,0,0,0,66.67,0,66.67,0,100,100,0,0,0,0,100,100,0,0,0,0,50,100,60,100,0,20,29,12,15,40,Left,HumbleLorikeet,7,10,70,10,40,After
LpqRCubqp,60.5,13,34.17,40.83,30.44,20.5,38.67,30.83,22.83,31.44,trust,71,15,75,60,63.33,10,16.67,71.67,60,60,10,70,20,0,25,15,70,10,75,70,40,60,60,40,25,51,65,60,60,75,Left,SereneHyena,7,5,96,80,25,After
LpyOTvftT,41.67,45.5,39.83,27.33,41.19,13.33,13.5,17.83,31.67,16.94,distrust,31.8,10,30,20,63.33,17.33,16,36.67,69,51,24,70,21,7,12,11,38,25,42,30,50,59,35,49,48,60,55,52,43,32,Left,BrilliantKookaburra,7,6,51,51,25,After
Lpzccbjat,4.17,91.67,58.33,75,56.77,45.83,41.67,8.33,41.67,37.81,distrust,45,80,60,20,0,0,33.33,0,0,0,0,0,0,0,50,50,0,0,0,0,100,50,100,50,50,60,60,50,40,50,Left,SupportiveHeron,8,8,100,50,0,After
LqRazHZcr,36.67,29,8,3.33,18.1,20.33,26,42,46.67,34.23,trust,41,20,86,66,40,0,0,36.67,50,50,0,20,0,0,0,0,0,0,50,60,19,50,0,10,20,39,50,40,40,40,Left,IdealEel,8,7,50,50,5,After
LrHDFWwmc,18.83,25,15.33,4.5,16.08,34.17,30,48.67,45.5,37.5,distrust,32.8,43,48,5,54,0,36.33,0,57,53,0,52,0,0,56,53,0,0,0,0,12,30,0,0,0,60,34,50,71,0,Left,EloquentOrangutan,7,7,60,69,35,After
LsDqRoBQf,50.83,68.33,15,96.5,55.6,34.17,28.33,35,46.5,32.19,distrust,18,55,2,53,9.33,8.33,89,2.33,20,5,5,3,15,5,95,75,2,97,2,3,60,50,85,85,5,25,40,20,35,25,Left,VibrantMantis,10,6,95,60,20,After
LsibxGrzT,61,34.5,48.17,27.83,42.04,13.67,27.17,6.17,30.17,26.33,trust,72.8,12,86,74,38.33,3.67,1.33,65,55,54,8,6,2,1,4,0,67,0,70,58,18,10,6,10,14,42,44,40,43,46,Left,TenderWallaby,5,6,51,58,15,After
Lsplfbhpd,40.17,66.5,60.17,76.17,62.52,23.5,16.83,18.83,26.17,24.52,trust,41.8,88,42,46,0,99.67,53,45.67,0,0,100,0,99,100,50,50,37,59,50,50,82,40,50,100,88,50,38,20,31,26,Left,BenevolentKangaroo,9,9,72,50,51,After
LtFGnZgXL,59.17,16.67,0,0,14.04,42.5,50,50,50,44.5,trust,17.2,0,0,0,100,0,100,0,100,100,0,100,0,0,100,100,0,100,0,0,18,0,0,0,0,27,75,68,71,87,Left,SmartGibbon,9,8,90,80,57,After
LtmNWsspQ,49.67,32.83,36.83,39.5,35.23,6,17.17,13.17,20.83,17.23,distrust,60,20,30,10,3.33,0,1.67,0,0,10,0,0,0,0,5,0,0,0,0,0,40,70,30,26,40,30,60,40,40,40,Left,EnergeticDragon,2,7,50,70,0,After
LtuCLppNk,17.83,33.17,24.5,24.67,26.12,32.17,16.83,26.17,25.33,26.88,distrust,30.2,15,32,17,15.33,3.33,7.67,9.33,27,19,0,0,9,1,22,1,0,0,16,12,25,46,0,15,23,35,37,65,26,24,Left,EncouragingLadybug,3,2,10,10,6,After
LvFmOFktq,51,6.33,29.17,18.5,19.69,19.33,43.67,35.17,31.5,35.48,trust,54.6,0,65,65,47,0,0,54.67,40,70,0,31,0,0,0,0,54,0,60,50,25,50,29,30,39,39,60,40,60,56,Left,CompassionateGopher,8,4,85,65,15,After
LvLODQtqx,30.83,53.67,73.5,50.17,48.08,19.5,20.33,37.83,16.83,26.25,trust,34,47,40,7,45,42,40.33,9.67,57,35,70,43,30,26,61,60,29,0,0,0,50,0,1,0,0,29,55,31,17,32,Left,AmbitiousManatee,6,5,99,50,20,After
LvMVsdfND,67.5,36.5,35.5,75.33,52.52,17.83,21.83,15.83,33.33,23.77,distrust,45,54,46,8,50,19.33,52.33,61,21,46,21,83,31,6,53,53,60,51,60,63,40,10,70,41,82,3,55,0,23,13,Left,ForgivingImpala,7,9,60,74,47,After
LvRkWKiQf,56.83,57.33,87.5,71.83,63.56,22.17,12.67,37.5,33.83,25.35,trust,55.8,100,13,87,9.67,97.67,63.67,16.67,0,29,93,0,100,100,62,80,5,49,20,25,81,79,77,33,86,34,87,47,39,93,Left,KindDeer,9,8,99,62,0,After
LwUIOMvNp,47.33,38.67,75.33,38.17,45.77,10.33,22.67,25.67,17.5,19.19,trust,52.6,61,40,21,10,51.67,30,27.67,15,15,51,0,51,53,51,20,46,19,23,14,53,74,51,47,83,40,48,26,53,47,Left,CheerfulJackal,9,1,80,44,25,After
LxGkigkNf,31.83,17.67,33.17,23.33,28.71,22.83,32.33,17.17,28.33,23.83,distrust,45.6,0,41,41,34.67,0,0,4.67,53,51,0,0,0,0,0,0,0,0,0,14,22,7,12,11,8,34,33,13,45,19,Left,DependableWalrus,6,2,76,71,5,After
LxaptgYhF,9.83,28.67,0,78.67,28.44,40.17,38,50,29,40.31,trust,26.8,50,50,0,33.33,33.33,33.33,33.33,50,50,50,0,50,0,50,50,50,0,50,0,0,69,81,30,0,86,70,83,93,94,Left,WholesomeHummingbird,8,5,94,92,25,After
LxbSAxgVY,64,58.33,47,46.67,47.06,20.67,11.67,13,30,26.44,distrust,0,70,0,70,0,26.67,53.67,0,0,0,0,0,80,0,60,1,0,100,0,0,50,50,30,20,50,35,0,0,0,0,Left,GracefulPorcupine,10,10,100,80,20,After
LxiwGFCNW,48,44.33,52.5,59.83,50.29,4.33,6,3.17,13.5,8.5,distrust,48,50,50,0,24.67,31.33,33.33,37.33,23,22,51,29,22,21,35,32,44,33,34,34,50,50,50,50,50,51,71,71,60,50,Left,ReliableOctopus,5,5,75,45,36,After
LxlKvESKz,59.33,17.33,39.5,39.67,33.69,20,32.67,21.83,18.67,27.4,trust,71.8,35,74,39,22.67,16,0,63,63,5,21,0,21,6,0,0,55,0,66,68,35,40,40,27,40,41,66,31,68,67,Left,EsteemedSquirrel,10,9,93,77,5,After
LyElcXYNr,43.5,36,37.67,46.33,36.62,12.83,22.67,19.33,17.67,21.58,trust,78.4,0,83,83,84,0,0,80,89,80,0,83,0,0,0,0,83,0,83,74,23,51,32,31,37,51,51,17,18,43,Left,FearlessHippopotamus,6,7,72,63,5,After
LyGrZyFkO,36.17,43.5,54,82,53.65,19.5,8.17,7.67,32,18.52,distrust,39.8,40,39,1,47.67,14,53.67,17.33,48,47,42,48,0,0,53,48,52,60,0,0,71,50,87,32,51,4,32,0,41,6,Left,GenerousArmadillo,5,8,71,65,0,After
LyUGjBPRe,16.67,37.5,33.33,83.33,40.62,33.33,20.83,25,33.33,30.21,distrust,20,50,50,0,33.33,0,33.33,0,50,0,0,50,0,0,50,0,0,50,0,0,50,50,50,25,50,25,50,25,50,50,Left,DelightfulEgret,10,10,90,50,10,After
LzgvGPwPW,63.67,48,49.83,47.5,44.35,27.33,14.67,0.5,31.83,25.06,distrust,7.8,50,50,0,0,0,0,0,0,0,0,0,0,0,0,0,0,0,0,0,51,51,51,35,34,28,18,23,14,20,Left,StrongDog,10,8,79,61,10,After
