Subject,UserName,Condition,TimePoint,LON,LAT,Age,Sex,Gender,Trans,LGBT,English,Education,Race,RaceMidEast,Religion,PoliticalID,PoliticalIDNum,BeliefAI,BeliefClimate,BeliefIsrael,BeliefTrans,Belief,ExtremeBeliefAI,ExtremeBeliefClimate,ExtremeBeliefIsrael,ExtremeBeliefTrans,ExtremeBelief,WVSTrust,TrustOverall,RepThermometer,DemThermometer,AffPol,RepNeg,RepPos,DemNeg,DemPos,RepAngry,RepContempt,RepAdmire,RepFear,RepEnthusiastic,RepPride,DemAngry,DemContempt,DemAdmire,DemFear,DemEnthusiastic,DemPride,RelativePolitics,RelativeAI,RelativeTrans,RelativeClimate,RelativeIsrael,ConsensusPolitics,ConsensusAI,ConsensusTrans,ConsensusClimate,ConsensusIsrael
CMIzaBoPU,IndependentIguana,Control,Before,-93,45,62,female,female,no,no,native,NA,white,0,other,NA,NA,36,26,8.5,88.5,35.29,14.67,28,41.83,38.83,31.42,distrust,20.6,61,19,42,0.33,17.33,34.67,0,0,1,31,0,12,9,34,0,0,70,0,0,21,37,62,10,0,63,51,17,54,80
CWLwXbFeH,KnowledgeableRabbit,Control,Before,-118,34,59,male,male,no,no,native,undergrad,white,0,jewish,republican,5,44.83,31.83,79.17,83.33,51.42,39.17,24.83,36.17,36.67,34.54,trust,70,85,25,60,4,73.67,23.33,16.67,10,0,71,2,75,75,60,5,30,5,10,10,80,50,95,40,99,15,85,65,50,85
CiEehcOsj,HappyDuck,Control,Before,-66,18,36,male,male,no,yes,native,undergrad,white,0,christian,independent,3,53.33,27.5,42.67,78,43.75,24.67,32.17,24,34.33,29.62,distrust,45.4,41,48,7,66,6,0,65,50,50,0,98,6,12,0,0,50,0,73,72,50,15,76,14,50,40,100,2,55,50
ChTAWOfwh,AffectionateFinch,Control,Before,-86,36,75,male,male,no,no,native,postgrad,white,0,christian,republican,4,56.17,51.17,56.67,71,53.33,12.83,5.83,9.67,21,12,trust,37,61,35,26,39.33,47.33,55,29.33,39,42,55,37,43,44,43,60,32,62,29,27,60,55,56,51,53,39,57,35,55,51
CEVqRRaWG,BrightKiwi,Control,Before,-84,30,83,male,NA,no,no,native,somecollege,white,0,jewish,independent,3,46.5,21.67,38.33,74.83,40.52,17.83,28.33,21,28.17,25.69,distrust,37.4,40,60,20,7,27,1,61,10,8,21,3,30,30,2,1,59,0,61,63,40,41,30,20,38,20,40,21,65,50
CVdIOMEZc,HopefulLemur,Control,Before,-84,39,60,female,female,no,no,native,undergrad,white,0,other,republican,4,11.33,71.83,18.33,91.83,51.23,38.67,21.83,31.67,41.83,32.85,distrust,25,80,29,51,13.33,57.33,28.33,7,40,0,60,0,60,52,10,45,20,30,0,1,52,80,60,70,49,65,81,80,60,60
CaBeSFoSC,CharitableGibbon,Control,Before,-81,35,36,male,male,no,no,native,somecollege,white,0,NA,republican,4,65.67,23.83,61,82.83,49.31,20.33,26.5,19.67,32.83,27.69,trust,66.6,81,78,3,60.67,70,49.33,55.33,71,40,84,71,61,65,54,48,62,46,48,56,67,33,43,6,74,31,80,15,41,63
CdiKeDWYT,GenerousHummingbird,Control,Before,-83,43,65,female,female,no,no,native,undergrad,white,0,christian,republican,4,75.83,51.33,62,45.67,51.35,29.5,27.67,18.67,41,34.35,trust,50,92,9,83,3.33,78.33,61.67,0,10,0,53,0,97,85,82,11,0,92,0,0,70,91,80,77,91,19,61,19,69,31
CCzVvcVol,SereneFerret,Control,Before,-87,36,70,female,female,no,no,native,NA,white,0,other,democrat,0,45,3.33,43.33,38.33,27.08,15,46.67,10,28.33,29.17,trust,60,40,90,50,20,13.33,0,70,0,10,40,50,0,0,0,0,90,0,60,60,10,50,40,20,40,60,50,60,70,60
CZNeTxFyp,InnovativeOtter,Control,Before,-81,35,41,male,male,no,no,native,highschool,multiracial,0,christian,independent,3,45.5,50.67,46.67,62.83,51.15,11.5,10.33,7.33,15.5,13.31,trust,66,75,62,13,50,48,47.33,45.67,51,38,62,61,46,36,46,45,45,51,45,47,50,52,51,51,51,58,63,61,54,65
CYcLJhpez,FabulousTortoise,Control,Before,-75,43,62,male,male,no,no,native,undergrad,white,0,muslim,republican,5,48.83,75,40.5,81.5,63.31,24.17,25,14.5,31.83,27.31,trust,29.4,71,41,30,51,42.33,57.33,28.33,65,59,35,29,52,40,52,43,28,77,41,16,76,56,50,67,40,51,37,69,44,29
CkhcxVZuW,ZenPig,Control,Before,-72,42,66,male,male,no,yes,native,somecollege,white,0,christian,republican,6,0,69.67,100,100,65.31,50,20,50,50,40.9,distrust,11.8,91,1,90,1,93,100,0,3,0,93,0,88,98,100,100,0,100,0,0,100,49,91,51,100,0,15,20,41,35
CEfiUjgGc,BrilliantMeerkat,Control,Before,-80,36,33,male,male,no,no,native,highschool,white,0,none,democrat,1,37.33,8.33,47.17,34.83,24.6,20,41.67,3.17,15.17,29.85,distrust,14.8,19,72,53,23,11,0,53.33,31,38,17,0,16,0,0,0,51,0,51,58,20,21,38,0,50,0,40,0,50,27
CGdWzySdX,EncouragingTrout,Control,Before,-85,38,80,female,female,no,no,native,highschool,white,0,christian,republican,6,49.33,37.67,55.17,48.33,50.48,18.67,19.67,12.83,36.67,23.44,distrust,25,100,0,100,94.33,85.67,34.67,5,94,93,86,96,87,84,5,4,10,95,5,0,100,98,91,90,90,36,8,3,11,11
CrcOsfYWL,TalentedRhinoceros,Control,Before,-94,33,61,male,male,no,no,native,NA,white,0,christian,republican,5,32.33,40.83,47.17,91.67,56.35,28.67,36.17,23.17,41.67,34.15,trust,23,75,10,65,0,52.67,37,1.67,0,0,52,0,54,52,60,51,5,0,0,0,75,52,100,100,62,41,61,61,41,52
CZgSzaGaN,RemarkableTurtle,Control,Before,-75,43,72,female,female,no,no,native,undergrad,white,0,christian,independent,3,41.83,38.5,40.67,78.17,46.65,18.83,21.5,18,38.5,31.65,trust,88.8,89,74,15,0,87.33,64.33,36.67,0,0,86,0,88,88,61,63,51,69,27,32,60,51,70,48,70,70,76,83,68,79
CYaeqNmUE,WarmKingfisher,Control,Before,-97,33,34,male,male,no,yes,native,postgrad,hispanic,0,christian,democrat,0,53.33,32.5,40,55.83,45.77,16.67,30.83,26.67,29.17,27.77,distrust,52,60,85,25,35,65,26.67,78.33,40,65,65,0,65,65,0,80,80,0,80,75,0,50,30,0,50,70,50,50,85,0
CvzdExdMp,MagnificentAardvark,Control,Before,-74,41,70,male,male,no,no,native,postgrad,multiracial,1,jewish,democrat,2,63,5.17,93,37.5,35.52,33.67,44.83,43,19.17,35.44,trust,50,7,66,59,58.33,0,2.67,55,70,50,0,55,0,0,5,0,55,3,60,50,35,50,30,25,50,19,29,13,58,37
CXzUsjSgx,LoyalDragon,Control,Before,-80,40,39,male,male,no,no,native,postgrad,white,0,christian,republican,4,67.67,49.5,81.5,79.33,47,48.67,34.5,41.5,39.67,44.25,trust,89,100,84,16,2.67,81.33,9.67,43.67,0,6,72,2,89,83,29,0,45,0,45,41,63,100,100,100,33,80,100,86,100,77
CiuzUiRqV,BlissfulDog,Control,Before,-87,36,46,female,female,no,no,native,somecollege,white,0,none,independent,3,40.83,35.83,14.17,41.5,28.33,15.83,17.83,35.83,15.17,26.38,distrust,38,10,60,50,65,3.33,20,26.67,60,70,0,65,10,0,30,20,40,10,20,20,35,40,50,40,30,40,50,20,40,35
CGOjitxoR,IdealPuma,Control,Before,-89,40,35,female,female,no,no,native,somecollege,white,0,christian,independent,3,27.83,28.5,50,97,50.12,28.17,21.5,10,47,27.54,distrust,46.4,62,26,36,60.67,46.33,61.33,7,69,55,59,58,35,45,74,55,6,55,6,9,70,50,100,20,60,20,76,27,61,29
CxmtiiTHO,DynamicPython,Control,Before,-82,28,32,male,male,no,yes,native,NA,hispanic,0,christian,democrat,0,38.83,23.67,26.67,14.33,22.38,17.83,26.33,24,35.67,30.67,distrust,42,10,81,71,77.67,0,5,50,91,92,0,50,0,0,10,5,50,0,50,50,0,50,0,16,41,38,50,28,64,36
CiDptFxLj,DependableParrot,Control,Before,-98,31,55,female,female,no,no,native,somecollege,white,0,none,republican,5,57.33,57.5,61,53.5,53.46,10.67,11.5,11,13.83,16.54,distrust,50.8,75,41,34,4,59,43.67,19.33,7,5,50,0,61,66,62,64,30,5,20,8,61,50,29,61,50,35,40,29,63,55
CSnjVgdlS,JoyousPanther,Control,Before,-81,28,42,male,male,no,yes,native,NA,hispanic,0,none,independent,3,52.5,23.33,58.33,3.33,27.92,30.83,40,8.33,46.67,36.67,distrust,21,0,20,20,50,0,10,43.33,70,80,0,0,0,0,20,10,60,0,30,40,49,10,15,20,50,20,40,30,20,25
CWOTlnNVs,ImaginativeFlamingo,Control,Before,-121,39,49,female,female,no,no,native,NA,white,0,none,democrat,1,35.5,19.33,33.67,12.83,24.19,14.83,30.67,17,37.17,26.56,trust,63.6,10,50,40,68.33,4,25,55.33,95,55,5,55,5,2,35,30,55,10,60,51,15,47,12,10,45,35,50,40,80,40
CzBsKZYrD,CarefreeJackal,Control,Before,-84,34,20,male,male,no,no,native,highschool,white,0,none,independent,3,38.33,21.5,5.5,5.5,20.83,19,35.83,44.5,44.5,33.54,trust,46.2,0,29,29,43.67,0,12.33,20,71,40,0,20,0,0,7,30,19,0,20,21,7,63,0,0,0,41,70,82,74,31
CPmhEGypw,BenevolentWhale,Control,Before,-74,41,60,female,female,no,no,native,NA,white,0,christian,democrat,0,24,7,38.83,6,18.08,31.33,43,13.5,44,36.79,trust,63.4,4,89,85,42.67,1.33,1.67,89.67,81,39,4,8,0,0,5,0,85,0,94,90,17,44,18,34,51,47,62,62,94,51
COlrVfbPH,FearlessRooster,Control,Before,-88,42,58,female,female,no,no,native,somecollege,multiracial,0,other,democrat,0,63.17,30,22.5,68.33,36.25,14.5,39,34.17,32.33,33.71,trust,64,10,92,82,41.33,2.67,34,98.33,66,51,3,7,4,1,2,98,98,2,99,98,4,26,8,17,8,48,75,40,60,59
CyshdKeCl,LavishHare,Control,Before,-117,33,59,female,female,no,yes,native,somecollege,white,0,other,democrat,2,85.5,21.67,81.33,44,41.42,35.5,31.67,31.33,38,34.83,trust,81.2,90,96,6,74,66.67,6,98,73,70,73,79,60,67,7,7,95,4,100,99,28,8,5,7,6,69,81,71,69,36
CJbspHbTC,PlayfulDeer,Control,Before,-118,34,58,female,female,no,no,native,NA,black,0,NA,independent,3,20.5,39.5,36.67,71.67,47.65,29.5,28.83,23.33,21.67,24.1,distrust,38.4,19,19,0,50.67,8.67,25.67,20,50,52,20,50,6,0,50,27,10,0,10,40,40,50,48,10,49,70,70,50,40,80
COHoTLERz,MajesticGecko,Control,Before,-77,38,58,male,male,no,no,native,NA,white,0,none,republican,4,44.17,87.5,100,91.67,80.42,14.17,45.83,50,41.67,36.46,distrust,25,50,0,50,17,43.33,78.33,0,41,10,50,0,40,40,100,60,0,75,0,0,75,50,90,100,75,25,35,20,70,50
CSrghQtrz,NurturingLlama,Control,Before,-78,43,59,male,male,no,no,native,undergrad,white,0,christian,republican,4,40,27.5,62.5,39.17,40,18.33,22.5,12.5,19.17,18.54,trust,71,80,80,0,45,55,33.33,55,50,35,65,50,50,50,30,30,65,40,50,50,48,49,29,30,40,35,60,35,40,40
CSgrBAjow,GenuineBaboon,Control,Before,-74,40,34,male,male,no,no,native,undergrad,white,0,none,democrat,1,47.5,25,55.17,50,40.65,19.17,25,11.5,15,17.69,distrust,27,70,70,0,50,50,50,50,50,50,50,50,50,50,50,50,50,50,50,50,40,50,50,50,50,20,60,40,60,40
CTZqYBnQt,InspiringReindeer,Control,Before,-86,40,44,male,male,no,yes,native,undergrad,white,0,none,independent,3,44.83,19.17,30,3.33,22.42,28.5,33.83,21.67,46.67,35.17,distrust,70,40,61,21,59.33,22,13.67,42,80,34,38,64,28,0,6,35,34,0,57,35,40,51,0,0,29,70,51,51,70,38
CMMPrmUoq,CourageousWolverine,Control,Before,-118,46,46,female,female,no,no,native,NA,white,0,none,democrat,2,35.83,2.5,55,75,29.9,27.5,47.5,15,25,31.98,trust,64.2,20,65,45,68,0,16.67,39,75,59,0,70,0,0,30,20,51,0,51,15,45,50,50,20,50,30,60,40,30,40
CyLkkfQTJ,ObservantRaccoon,Control,Before,-98,31,66,female,female,no,no,native,highschool,white,0,christian,republican,5,60.83,75.67,97.83,91.5,77.88,11.5,26,47.83,41.83,32.29,trust,37.6,92,8,84,0,40,77.67,0,0,0,51,0,19,50,71,71,0,91,0,0,82,51,100,100,100,39,51,51,52,51
CmlOgUnYN,CompassionateGazelle,Control,Before,-84,34,20,female,female,no,no,native,highschool,white,0,none,independent,3,39.83,37.67,50.17,10.83,28,11.83,12.33,10.17,44.17,25.83,trust,42,30,70,40,50,21.67,15,25,20,40,30,90,20,15,20,15,40,10,20,15,25,50,10,15,40,40,60,15,40,70
CoSpLNfnS,EnergeticStingray,Control,Before,-121,47,49,female,female,no,no,native,somecollege,white,0,NA,republican,4,29.5,38.83,49.5,74.17,49.35,21.83,16.5,1.5,26.17,16.23,distrust,36.8,50,34,16,24.67,54,55.33,19,22,52,52,0,53,57,54,48,33,64,13,11,82,39,59,49,50,52,43,29,38,17
CxhAPFkoh,UnderstandingManatee,Control,Before,-122,48,79,male,male,no,no,native,undergrad,white,0,christian,independent,3,46,54.5,70.5,59.33,52.48,15.33,12.17,20.5,9.67,16.85,trust,40.6,55,45,10,30.33,38.33,26.67,18.33,50,20,50,21,45,20,45,10,25,25,20,10,60,50,65,65,65,34,50,60,33,33
CXsHzmNUB,BalancedQuoll,Control,Before,-93,45,37,female,female,no,no,native,undergrad,white,0,none,democrat,1,30.5,21.33,17.17,19.67,20.1,24.5,34,33.17,30.33,32.98,distrust,47.6,10,88,78,74,4.67,3.67,87,81,90,7,51,4,3,6,1,82,4,92,87,22,35,26,3,12,39,49,41,43,28
CLKPqGgGu,ComposedPheasant,Control,Before,-98,30,38,female,female,no,yes,native,undergrad,white,0,none,independent,3,14.83,8.33,18.17,0.83,8.56,35.17,41.67,31.83,49.17,41.44,NA,49.2,0,60,60,91.67,0,0,33.33,75,100,0,100,0,0,0,0,50,0,50,0,5,50,4,5,10,31,75,27,21,50
CDHkFAmTR,PositiveGrasshopper,Control,Before,-103,32,49,male,male,no,no,good,NA,white,0,other,republican,5,21.67,82.83,56,87,64.17,31.67,33.83,7.33,37,30.5,distrust,42,85,0,85,43.33,66.67,73.33,0,70,60,70,0,70,60,100,100,0,20,0,0,90,75,90,90,51,70,60,60,51,51
CIessskUt,QuickMonkey,Control,Before,-98,30,45,female,female,no,no,native,somecollege,white,0,christian,republican,6,21.67,82.67,7.33,86.17,63.62,28.33,32.67,42.67,36.17,33.88,trust,43.6,85,28,57,1,75,63.67,22.67,1,1,77,1,78,70,55,56,23,80,23,22,100,52,100,90,24,53,48,65,55,57
COYfMMsGr,EagerPelican,Control,Before,-74,41,57,male,male,no,no,native,undergrad,white,0,christian,democrat,2,76.67,16.33,43.17,77.33,45.29,30.33,40.33,7.5,31,32.75,trust,48,70,85,15,40.67,40.67,3.33,75,51,51,20,20,51,51,10,0,75,0,75,75,25,10,50,10,51,25,20,51,10,51
CXvLsKPJN,FantasticSeahorse,Control,Before,-84,43,66,male,male,no,no,native,undergrad,white,0,christian,republican,4,45.33,53.17,48.67,89.67,61.06,18,15.17,13.33,39.67,20.77,distrust,59.2,85,30,55,8,90.67,30,10,10,8,91,6,91,90,10,80,10,0,10,10,81,50,50,70,60,48,51,51,31,34
CxoNIzlwE,HelpfulEagle,Control,Before,-79,43,55,female,female,no,no,native,somecollege,white,0,christian,independent,3,51,28.83,50.67,60.33,42.04,8,21.17,7,28,23.08,distrust,58.8,51,51,0,51,37.67,38,51,51,51,32,51,30,51,51,51,51,12,51,51,22,51,51,51,51,51,51,51,51,51
CXTgRJwql,BubblyNightingale,Control,Before,-77,39,56,female,female,no,no,native,postgrad,multiracial,0,christian,independent,3,43.67,32,45.83,54.67,41.98,13,20,9.5,22.33,18.06,distrust,40.4,44,43,1,61.67,32,34,42.33,71,56,23,58,32,41,32,35,44,35,40,43,49,40,67,32,43,58,65,20,37,68
CiycKYYxJ,HonestPossum,Control,Before,-117,34,29,male,male,no,no,native,highschool,hispanic,0,NA,independent,3,64.83,54.5,71.67,70.67,61.73,18.5,17.83,21.67,22.67,20.94,distrust,23.4,56,0,56,32.67,52.67,100,0,51,47,51,0,55,52,100,100,0,100,0,0,50,95,59,85,82,50,51,50,51,51
CCDmYlJbD,MerryPorcupine,Control,Before,-99,34,53,male,male,no,no,native,NA,white,0,none,democrat,2,80.83,24.83,49.83,40,36.38,30.83,39.17,0.83,24.33,30.58,distrust,19.6,0,60,60,65.67,14,16.33,57.33,72,51,0,74,21,21,41,8,60,0,61,51,42,17,0,2,51,20,8,51,23,51
CbzmjGtVr,SpiritedSalamander,Control,Before,-82,30,38,male,male,no,no,native,undergrad,white,0,none,democrat,1,63.5,29.67,50,44.5,36.48,18.17,22.67,13.33,22.83,25.48,trust,62,15,80,65,50.67,15.33,1,59.67,54,64,9,34,35,2,2,1,60,0,50,69,15,23,40,9,40,33,73,31,29,41
CpHJPiRfy,PeacefulMongoose,Control,Before,-74,41,24,female,female,no,no,native,undergrad,asian,0,none,independent,3,47.17,11.5,16,39.33,21.75,15.83,38.5,37.67,18.33,34.88,distrust,28,50,50,0,50,50,50,50,50,50,50,50,50,50,50,50,50,50,50,50,50,50,30,0,31,50,50,50,57,41
CpZQxTzcs,KindheartedDonkey,Control,Before,-91,31,64,female,female,no,no,native,undergrad,black,0,christian,democrat,0,8.33,41.67,50,83.33,39.58,41.67,25,0,33.33,25,trust,62,0,100,100,0,0,0,100,0,0,0,0,0,0,0,0,100,0,100,100,20,50,50,50,50,50,0,30,50,50
CJQeDbZVQ,AmiableCat,Control,Before,-95,39,26,female,male,yes,yes,native,undergrad,multiracial,0,none,independent,3,8.33,1.67,0,6.67,8.42,41.67,48.33,50,43.33,42.42,distrust,17,0,65,65,96.67,0,51.67,20,100,100,0,90,0,0,90,65,35,0,25,0,0,0,0,0,0,35,10,25,50,20
CUVPNicNs,AwesomeCricket,Control,Before,-112,34,27,female,female,no,yes,native,undergrad,white,0,none,independent,3,31.67,18.33,32.5,1.67,18.23,18.33,33.33,17.5,48.33,34.27,distrust,38,15,35,20,95,0,45,18.33,100,100,0,85,0,0,60,45,20,30,30,5,10,35,10,10,50,25,50,20,20,20
CPvuASpuV,GloriousBison,Control,Before,-76,40,45,male,male,no,no,native,somecollege,white,0,none,democrat,2,25.67,16.5,30.5,68.83,34.4,25.67,33.5,19.5,19.17,24.44,distrust,27.2,19,34,15,46.67,10.33,44.67,25,62,62,12,16,7,12,75,57,17,2,17,41,39,55,57,19,31,30,42,19,56,63
CyqikiqQy,EnchantingTiger,Control,Before,-77,35,48,female,female,no,yes,native,NA,white,0,christian,democrat,0,29.83,8.33,9.17,0,11.9,25.17,41.67,40.83,50,41.85,trust,62,30,85,55,88.33,8,5,90,100,75,9,90,15,0,10,5,85,0,90,95,5,30,0,20,0,26,60,15,40,35
CwaOxyeWf,ReliableMacaw,Control,Before,-111,32,49,male,male,no,yes,native,NA,white,0,none,democrat,2,45,26.67,64.17,43.33,38.12,28.33,36.67,20.83,26.67,30.42,distrust,6,0,10,10,90,0,11.67,13.33,90,90,0,90,0,0,20,10,20,5,10,10,30,60,30,10,40,20,50,15,15,15
ClyiajPdW,MotivatedOcelot,Control,Before,-79,42,28,male,male,no,no,native,somecollege,white,0,christian,republican,4,34.83,56.67,60,83.5,58.96,20.17,13.33,15,33.5,20.88,distrust,32,40,40,0,13.33,16.67,40,3.33,30,0,10,10,40,0,60,60,10,0,0,0,60,40,90,60,40,40,45,10,30,50
CMfWNlxjs,LovingButterfly,Control,Before,-77,40,33,male,male,no,no,native,highschool,white,0,christian,republican,6,53.5,58.33,13,96.67,61.04,20.17,15,37,46.67,27.79,distrust,30.8,85,30,55,36.67,72.67,62,0,39,50,71,21,73,74,62,51,0,73,0,0,100,70,100,53,50,64,60,50,51,60
CbOcgEjCe,VibrantJellyfish,Control,Before,-118,34,57,male,male,no,no,native,NA,white,0,christian,republican,4,73.33,22.5,67,91.67,60.35,27,35.83,17.33,41.67,35.02,distrust,24,70,70,0,70,26.67,33.33,16.67,60,80,50,70,30,0,0,20,50,80,0,0,50,50,100,20,50,15,40,30,40,40
CcedvKrFu,CheerfulElephant,Control,Before,-71,41,60,female,female,no,no,native,undergrad,white,0,christian,democrat,0,20,30,60.17,19.17,27.58,40,43.33,18.17,47.5,37.79,trust,87,10,90,80,8.33,5.33,4,88,11,6,0,8,7,9,6,6,86,0,83,95,0,51,0,0,51,25,51,9,11,15
CvxpmXaQM,DiligentGiraffe,Control,Before,-79,36,37,male,male,no,no,native,undergrad,white,0,none,republican,5,33.17,66,4,100,58.38,35.83,42.67,46,50,43.88,trust,12,55,4,51,18,43.67,67.33,0,21,0,36,33,58,37,82,86,0,34,0,0,84,50,84,77,38,20,65,0,0,0
CmYczBLOf,TenaciousIbis,Control,Before,-111,32,23,female,female,no,yes,native,NA,white,0,none,democrat,1,26.33,45.67,49,16.67,32.62,23.67,15.33,4.67,33.33,24.96,distrust,41.8,20,76,56,34.67,3,23.33,57,62,3,4,39,5,0,0,70,60,0,69,42,15,48,0,12,36,33,40,30,33,64
CDIUpgPya,LuminousHornet,Control,Before,-107,35,71,female,female,no,no,native,NA,white,0,other,republican,6,84.17,11.67,54,18.33,40.19,47.5,45,37.67,36.67,41.69,trust,76,95,12,83,0,95,75.33,12,0,0,95,0,95,95,75,76,12,75,12,12,85,70,50,40,80,30,65,20,70,30
CzspfbiMw,SupportiveCrocodile,Control,Before,-97,30,40,female,female,no,no,native,undergrad,multiracial,0,christian,republican,6,29.17,60.17,42.33,87.67,60.58,26.83,12.17,13,37.67,25.17,distrust,31.6,82,3,79,10,72.33,52,0,0,30,73,0,80,64,86,61,0,9,0,0,99,73,100,62,51,71,46,74,27,32
CYVVfeSYW,MindfulEel,Control,Before,-75,40,74,male,male,no,no,native,highschool,white,0,christian,republican,6,69.33,58.67,58.83,76.67,56.65,23.33,19,9.5,34.33,23.48,trust,73.6,90,61,29,40,52,13.33,15.67,40,52,52,28,52,52,14,16,15,10,15,17,86,82,72,80,75,66,77,52,68,68
CBRFwfztG,PersistentWombat,Control,Before,-77,43,39,male,male,no,no,native,somecollege,white,0,christian,democrat,1,23.17,3.33,17.5,45.83,16.67,26.83,46.67,32.5,22.5,35.62,trust,39,1,70,69,78.33,0,26.33,40.67,90,90,0,55,0,0,55,20,45,4,65,12,10,50,30,4,50,50,75,50,65,50
CEpCkphur,ZestfulMagpie,Control,Before,-80,26,62,male,male,no,no,native,NA,multiracial,0,christian,democrat,1,40.17,38,46.83,46.83,40.15,17.17,24,20.5,10.5,20.48,distrust,65.2,80,80,0,21,50.67,12.33,60.67,25,25,51,13,50,51,15,16,55,6,69,58,42,47,38,64,51,41,58,31,45,34
CkRSCcHxY,ForgivingSquid,Control,Before,-74,41,37,male,male,no,no,native,undergrad,white,0,none,independent,3,40.5,52.17,41.17,59.83,42.75,18.83,10.83,8.83,18.83,17.58,distrust,9.6,4,5,1,50.67,3.33,64,0,51,51,10,50,0,0,82,100,0,10,0,0,24,36,22,21,22,20,15,9,65,20
CWpquNybD,VictoriousPenguin,Control,Before,-75,40,41,female,female,no,no,native,postgrad,white,0,none,democrat,0,47.17,19.33,23.33,2.67,19.58,13.17,30.67,26.67,47.33,31.71,distrust,43,0,24,24,69.67,0,46,52,87,63,0,59,0,0,62,46,51,30,52,53,5,22,0,0,44,53,49,44,46,37
CNbMIYkNg,FlexiblePuffin,Control,Before,-74,40,43,male,male,no,no,native,NA,white,0,none,democrat,0,17.33,9.83,41.5,0,16.04,32.67,40.17,11.83,50,37.54,trust,81,7,95,88,50,2.67,0,96.67,60,80,8,10,0,0,0,0,90,0,100,100,21,47,0,11,75,22,3,10,34,18
CkHieHoZJ,ConsiderateYabby,Control,Before,-84,41,52,male,male,no,no,native,somecollege,white,0,christian,republican,6,38,68.17,74.33,88.83,73.29,15,24.83,24.33,38.83,29.17,distrust,13,82,10,72,1.67,72,86.33,0,5,0,74,0,70,72,90,94,0,75,0,0,100,64,100,100,90,12,40,20,25,4
CEjwSdPde,ExcitingHippopotamus,Control,Before,-71,42,51,male,male,no,no,native,undergrad,white,0,none,democrat,0,40.5,11,36.33,20,20.23,18.83,39,18,30,31.9,distrust,40.2,9,96,87,66.67,0,3.67,98.67,95,95,0,10,0,0,4,2,96,5,100,100,4,33,9,8,39,60,29,40,45,41
CjMGujLlC,BeneficialCrayfish,Control,Before,-83,37,60,female,female,no,no,native,somecollege,white,0,christian,republican,4,48.17,48.33,49.83,52,50.88,15.83,18,7.83,8.67,13.12,distrust,55.8,60,44,16,36.67,54,51.33,51,30,39,51,41,60,51,51,52,51,51,51,51,64,61,51,68,51,60,32,32,51,31
CnQjsVymx,YoungJaguar,Control,Before,-92,42,53,female,female,no,no,native,NA,white,0,christian,republican,6,10.17,77.67,51.33,100,70.27,40.17,27.67,3.67,50,31.06,distrust,23,80,9,71,9.67,51,70,0,14,15,51,0,51,51,76,83,0,51,0,0,100,100,100,100,51,47,55,52,51,49
CjevfJZUU,PassionateOwl,Control,Before,-118,34,37,female,female,no,no,native,undergrad,white,0,christian,republican,5,50.17,53.33,53.5,84,55.88,6.5,7.33,8.17,34,12.12,trust,39,60,35,25,25,47,40.67,10,35,20,50,20,40,51,52,30,10,40,10,10,70,50,85,55,50,30,60,60,44,50
CpoLaLseb,MarvelousPorpoise,Control,Before,-77,39,23,female,female,no,yes,good,undergrad,asian,0,other,democrat,1,44,39.83,5.5,62.17,34.71,15,17.17,44.5,12.17,22.71,distrust,41.2,20,77,57,38.33,21.67,3.67,73.67,50,65,30,0,0,35,9,0,60,2,61,100,35,50,50,40,25,40,40,20,50,10
CunJfxMpJ,NeatViper,Control,Before,-80,28,38,female,female,no,no,native,highschool,white,0,other,democrat,1,68.17,31.83,5.83,57,27.77,18.5,30.5,44.17,26.33,35.31,distrust,13.6,0,85,85,66.67,0,25.67,69.33,100,100,0,0,0,0,60,17,78,0,79,51,18,0,30,0,0,29,45,20,12,1
CSMPtqYgI,GraciousDragonfly,Control,Before,-122,38,44,male,male,no,no,native,highschool,white,0,none,democrat,1,15.83,9.17,22.5,18.33,13.96,34.17,42.5,27.5,31.67,36.25,distrust,29,10,55,45,78.33,0,0,46.67,80,90,0,65,0,0,0,0,50,0,50,40,30,50,45,10,30,10,50,20,60,40
CXQjGnxXc,JubilantLeopard,Control,Before,-96,36,57,female,female,no,no,native,highschool,white,0,christian,democrat,1,43,34,44.83,70.33,41.96,30.33,22.67,10.17,32,26.83,distrust,77.4,67,91,24,63.67,33.33,9.67,91,65,66,40,60,30,30,10,10,91,9,91,91,10,65,39,66,50,35,40,29,65,38
CAzRnuebd,DaringBandicoot,Control,Before,-122,48,73,female,female,no,no,native,undergrad,white,0,christian,independent,3,39.33,50.5,88,97.17,64.17,17.33,7.17,38,47.17,25.12,trust,38,72,20,52,14.33,52.67,54.67,8,23,10,56,10,51,51,51,22,19,91,2,3,70,51,87,70,88,30,51,71,67,35
CtBGgKvWr,SunnySparrow,Control,Before,-81,36,52,female,female,no,no,native,postgrad,white,0,christian,republican,5,48.33,43.83,48.33,89.83,54.1,2.67,14.5,9,40.17,23.77,distrust,61.2,91,40,51,13,81.33,48.33,18.67,21,9,82,9,72,90,75,19,39,51,9,8,76,51,100,25,75,51,51,51,51,51
CKgZQgnKB,LivelyGorilla,Control,Before,-81,29,32,male,male,no,yes,native,NA,white,0,none,democrat,0,47.67,25.5,62.67,34.83,30.21,22.33,30.5,14.33,21.83,27.25,trust,54.6,29,55,26,43.67,0.33,0,32,65,53,1,13,0,0,0,0,51,0,8,37,20,38,25,18,53,24,43,19,34,16
CkyYVKEzY,CapableWildebeest,Control,Before,-81,29,46,female,female,no,no,native,NA,white,0,other,independent,3,3.33,25.83,58.33,31.67,24.06,46.67,35.83,18.33,25,34.69,distrust,2,0,0,0,100,0,100,0,100,100,0,100,0,0,100,100,0,100,0,0,50,50,50,50,50,10,50,29,65,15
CoGcKEuPC,CleverHawk,Control,Before,-88,40,57,female,female,no,no,native,postgrad,white,0,none,democrat,0,15.17,4.83,16.33,0,6.9,46.83,45.17,33.67,50,44.6,trust,54.4,11,85,74,40.33,0,0,73.33,28,0,0,93,0,0,0,0,40,0,100,80,10,21,0,0,4,31,24,24,80,25
CQdVqjGlh,SplendidCheetah,Control,Before,-96,41,69,female,female,no,no,native,undergrad,white,0,christian,democrat,1,61.67,28.17,30.33,7.5,30.54,21.67,27.83,29.67,42.5,33.75,trust,70.2,40,90,50,68.67,6.67,5,78.67,70,71,20,65,0,0,10,0,90,5,85,61,24,51,10,10,49,60,61,25,53,33
CUCorkASz,ExceptionalBumblebee,Control,Before,-122,37,37,female,female,no,yes,native,NA,white,0,none,democrat,0,18.67,4.83,12.33,4.33,9.52,31.33,45.17,37.67,45.67,40.48,trust,60,19,85,66,72.33,10.67,11.67,74.67,72,61,11,84,17,4,12,6,63,17,95,66,10,25,5,20,15,19,50,40,59,59
CiNdYjRSn,MagnanimousCow,Control,Before,-121,35,21,male,male,no,no,native,NA,white,0,none,democrat,1,33.33,20.83,35,6.67,22.06,23.33,34.17,15,43.33,30.44,NA,47,15,50,35,38.33,0,38.33,8.33,50,65,0,0,0,0,65,50,0,0,25,0,30,25,10,25,35,65,25,35,25,35
CQRnMifAY,FlourishingCondor,Control,Before,-82,35,30,female,female,no,no,native,undergrad,black,0,other,independent,3,34.5,46.5,50,76.5,45.71,15.5,11.5,0,26.5,15.75,distrust,25.4,19,40,21,43,0,41,42,71,0,0,58,0,0,50,38,50,35,40,36,50,50,55,43,50,36,50,35,55,33
CkMpoUnfH,GracefulShrimp,Control,Before,-83,42,51,male,nbqueer,no,no,native,NA,white,0,none,democrat,2,54.33,25,30,10.83,24.48,22.67,33.33,21.67,39.17,30.6,trust,67,55,80,25,53.33,33.33,13.33,63.33,60,40,45,60,30,25,20,10,55,10,55,80,40,65,10,35,30,67,30,70,80,60
CEsPxROTe,GratefulOstrich,Control,Before,-90,39,56,male,male,no,no,native,somecollege,black,0,other,democrat,1,65.17,30.67,40,65,40.94,23.5,19.33,15,15,22.65,distrust,55,10,80,70,50,3.33,18.33,80,90,10,10,50,0,0,45,10,80,0,85,75,15,10,50,25,50,25,75,20,50,50
CJuzYpRuZ,TenderEchidna,Control,Before,-90,39,47,male,male,no,no,native,NA,multiracial,0,other,republican,4,56.67,49.33,46,79.83,53.77,13.33,1.67,6,30.17,11.19,distrust,52.4,55,52,3,48,54.33,44.33,50.67,46,47,55,51,56,52,48,49,54,36,49,49,60,90,75,51,50,51,60,45,51,51
CYobYmqin,EnthusiasticPeacock,Control,Before,-80,26,25,male,male,no,no,native,highschool,white,0,none,independent,3,55,41.67,41.67,49.17,42.58,5,8.33,8.33,20.83,15.12,trust,42,30,45,15,58.33,16.67,20,25,60,60,10,55,10,30,40,10,15,10,30,30,45,50,60,30,70,75,60,55,70,40
RszRPNhcN,GratefulChicken,Right,Before,-121,37,60,male,male,no,no,native,highschool,multiracial,0,christian,democrat,1,28.33,16.67,22.5,43.33,35.31,26.67,41.67,39.17,33.33,35.1,distrust,58,5,85,80,53.33,0,3.33,33.33,65,65,0,30,0,0,10,0,50,0,25,25,20,35,0,0,0,40,30,0,20,5
RmnEkTYSw,DevotedDolphin,Right,Before,-117,33,42,male,male,no,no,native,highschool,white,0,none,democrat,0,39.5,16,37.5,59.17,27.54,22.17,42.67,12.5,25.83,32.79,distrust,10,0,50,50,43.33,0,0,59.33,70,60,0,0,0,0,0,0,51,0,68,59,20,50,20,0,50,50,29,50,80,30
RhDpVfpOH,DeterminedYabby,Right,Before,-84,38,32,male,nbqueer,no,yes,native,undergrad,white,0,other,NA,NA,8.33,12.5,0,0,12.02,41.67,45.83,50,50,45.27,distrust,6,0,0,0,100,0,100,0,100,100,0,100,0,0,100,100,0,100,0,0,0,0,0,0,0,24,8,19,72,10
RijzkQbRn,LavishPorpoise,Right,Before,-75,40,65,male,male,no,no,native,undergrad,black,0,other,democrat,0,51,31,55,56.5,45.17,14.67,19,12,16.5,19.17,distrust,28,0,90,90,45,1.67,0,56.67,85,0,5,50,0,0,0,0,70,0,50,50,14,50,50,30,51,30,30,30,76,50
RUXQgQNoa,HeartfeltBandicoot,Right,Before,-86,42,60,male,male,no,no,native,undergrad,white,0,other,democrat,0,28.33,6.67,0,8.33,15.21,38.33,43.33,50,41.67,39.79,distrust,36,20,80,60,76.67,6.67,0,80,80,100,20,50,0,0,0,0,80,0,80,80,0,30,0,50,31,30,40,50,30,40
RwgEMOCZn,DependableDingo,Right,Before,-97,33,62,male,male,no,no,native,undergrad,white,0,NA,republican,4,68.67,63.5,89.33,86.33,64.98,20.33,19.83,39.33,36.33,26.31,trust,36.2,78,16,62,32.67,62.33,74,25.33,18,41,84,39,55,48,81,71,30,70,25,21,66,61,72,61,76,63,57,45,57,58
RcERxRqtZ,SupportiveRhinoceros,Right,Before,-117,48,20,female,female,no,no,native,NA,white,0,NA,independent,3,23.5,30.5,18.67,43,34.19,31.5,19.5,34.67,13.67,25.56,distrust,25,30,60,30,47.67,23,41,60,45,14,35,84,0,34,25,67,65,31,59,56,40,40,25,30,5,40,4,25,55,15
RdElrFIRs,FortunateWolverine,Right,Before,-95,39,57,male,male,no,no,native,NA,white,0,eastern,democrat,1,48,11.67,42.33,58.33,30.85,22,38.33,12.67,18.67,27.73,trust,76.2,20,80,60,56.67,6.67,5,71.67,60,35,10,75,10,0,5,0,80,10,80,55,25,50,30,0,40,20,50,35,15,15
RBMqVVYOK,GenerousEchidna,Right,Before,-118,34,23,male,male,no,no,native,NA,asian,0,eastern,democrat,1,51.5,42.67,42.67,83.67,42.65,26.83,32,20.33,33.67,28.44,distrust,30,19,70,51,44,4.67,6,23,60,61,0,11,14,0,0,0,0,18,50,19,16,34,40,11,51,23,33,51,32,0
RhNQvAGjY,AwesomeDhole,Right,Before,-97,39,62,male,male,no,no,native,somecollege,white,0,other,republican,4,9.33,66.67,3.67,91.67,57.19,41,17.33,46.33,41.67,33.48,NA,20.6,0,0,0,0,0,0,0,0,0,0,0,0,0,0,0,0,0,0,0,61,50,50,50,50,51,51,10,51,14
RYauDtJpw,VibrantGrizzly,Right,Before,-85,39,29,female,female,no,no,native,undergrad,white,0,christian,independent,3,37.5,24.5,28.17,61.67,41.38,14.5,25.83,21.83,11.67,19.04,NA,25.4,50,50,0,50,11.67,36.33,10,50,50,11,50,9,15,50,50,15,9,8,7,50,50,57,12,50,40,50,36,39,50
RRYzbeXQR,CheerfulQuokka,Right,Before,-98,30,68,male,male,no,no,native,NA,white,0,christian,independent,3,48.33,41.67,50,63.33,49.79,48.33,41.67,50,33.33,43.54,distrust,50,50,50,0,23.33,40,16.67,40,0,70,50,0,70,0,0,50,70,0,50,0,0,51,51,51,50,50,69,40,70,60
RhaHGiGCU,NurturingBat,Right,Before,-97,33,75,male,male,no,no,native,undergrad,white,0,christian,democrat,0,62.17,0,25,57,25.04,28.17,50,27.33,21.33,34.04,trust,49.6,0,100,100,69.33,0,0,100,100,100,0,8,0,0,0,0,100,0,100,100,9,31,20,0,24,44,57,53,78,43
RxEpnOVLD,BalancedRidgeback,Right,Before,-87,36,30,female,female,no,no,native,NA,white,0,none,democrat,1,44.17,28.33,44.17,36,32.33,9.5,28.33,20.17,32.67,27,trust,44.6,20,90,70,73,14.33,14.67,82,80,66,10,73,12,21,30,9,82,5,75,89,14,51,10,9,51,20,25,9,61,51
RzRGcdPrJ,BrightNewt,Right,Before,-76,40,68,female,female,no,no,native,postgrad,white,0,christian,independent,3,26.33,91.5,99.83,83.33,75.15,27.33,41.83,49.83,50,39.48,distrust,20.6,100,0,100,0,100,100,0,0,0,100,0,100,100,100,100,0,100,0,0,94,62,82,100,88,50,10,9,0,51
RmrMdbGoQ,JollyOctopus,Right,Before,-98,31,69,female,female,no,no,native,NA,white,0,christian,republican,5,27.5,71.67,59,83.33,70.19,22.5,21.67,24.33,33.33,28.98,trust,27,70,30,40,0,51.67,38.33,0,0,0,50,0,55,50,65,50,0,0,0,0,85,50,100,100,55,20,50,20,40,25
ROZVUGSXm,EagerLamb,Right,Before,-87,30,37,male,male,no,no,native,highschool,black,0,christian,independent,3,36.33,21.67,49.33,98.17,48.04,25,28.33,2.33,48.17,28.12,distrust,41.6,0,90,90,61,0,1.33,83.33,100,83,0,0,0,0,4,0,90,0,93,67,37,50,86,0,50,44,20,38,65,44
RcJDTjcFp,HappyPigeon,Right,Before,-80,40,35,female,female,no,no,native,postgrad,white,0,NA,democrat,2,29.5,4.33,5.67,13.67,18.52,36.5,45.67,44.33,36.33,39.69,trust,32,0,8,8,55,0,74.67,0,68,74,0,23,0,0,100,54,0,70,0,0,0,39,0,1,0,49,73,30,74,59
RMyjUYWjj,TenderMoose,Right,Before,-104,34,67,female,female,no,no,native,somecollege,white,0,christian,republican,5,60.83,63.17,62.83,76.5,66.38,10.83,15.83,16.83,43.17,26.17,trust,48.8,78,10,68,13,68.67,73,4.33,17,11,72,11,69,65,73,89,6,57,3,4,78,78,79,84,81,78,58,56,39,38
RhQxoitAv,GloriousSeal,Right,Before,-80,26,30,male,male,no,no,native,highschool,hispanic,0,other,republican,5,43.17,48.17,50.83,90.83,54.25,19.17,19.17,9.83,41.17,24.67,distrust,12,69,0,69,18.67,61.33,84,0,24,29,57,3,62,65,100,100,0,52,0,0,82,50,79,69,50,25,50,62,51,51
RECLmKNVQ,HonestLion,Right,Before,-117,48,74,male,male,no,no,native,NA,white,0,other,democrat,2,51.67,12.33,18,39.67,25.33,19,41,32,11.33,28.42,trust,75.2,14,59,45,52.33,5.33,24.67,48.33,28,63,13,66,0,3,43,4,60,27,56,29,9,7,8,7,7,9,29,8,38,36
RIVeIsISS,MindfulFerret,Right,Before,-71,42,57,male,male,no,no,good,NA,asian,0,christian,democrat,0,44.17,30.83,65,69.17,46.12,19.17,30.83,25,25.83,23.12,trust,84.6,5,95,90,39,4,0,92.67,60,55,5,2,4,3,0,0,96,0,90,92,40,45,50,40,55,45,65,50,85,75
RYwdtOcyG,JoyfulAardvark,Right,Before,-107,35,58,female,female,no,no,native,somecollege,multiracial,0,christian,republican,5,42.33,38.33,91.17,66,57.56,11.67,15.67,41.17,38.67,26.4,distrust,52.6,44,46,2,0,10.67,0,0,0,0,32,0,0,0,0,0,0,0,0,0,53,51,100,2,100,50,51,51,51,51
RlbtttHMJ,InnovativeGrasshopper,Right,Before,-121,39,43,male,male,no,no,native,NA,black,0,other,republican,6,34.33,57.33,50.67,91.17,57.25,18.33,42.67,18.67,42.17,29.46,distrust,45.8,100,0,100,0,100,0,0,0,0,100,0,100,100,0,0,0,0,0,0,100,100,100,100,100,100,53,100,100,61
RlcCbAvbV,ConfidentWildebeest,Right,Before,-79,36,56,female,female,no,no,native,undergrad,white,0,none,democrat,2,50,32.5,24.17,5,26.77,13.33,24.17,25.83,45,27.4,NA,39,10,70,60,46.67,0,20,61.33,50,30,0,60,0,0,30,30,50,0,69,65,35,30,0,30,35,30,20,35,40,25
RqrwvlDMJ,SincereLadybug,Right,Before,-94,35,47,female,female,no,no,native,undergrad,white,0,christian,republican,5,38.17,69.17,58.33,82.17,58.42,20.17,19.17,12,32.17,20.04,trust,49.6,86,33,53,23.67,77.67,66,13.33,22,35,80,14,81,72,81,64,13,53,15,12,78,51,76,67,51,51,73,54,59,51
RYXdupqZk,ThrivingImpala,Right,Before,-87,33,49,female,female,no,no,native,NA,black,0,NA,independent,3,31.83,34.83,63.17,63.5,47.75,19.83,28.17,13.17,26.83,23.42,distrust,47.2,50,50,0,6.67,20,0,16.67,10,10,50,0,10,0,0,0,50,0,0,0,50,50,50,50,50,60,80,25,98,55
RXNJhoAKj,ImpressiveBison,Right,Before,-82,35,57,male,male,no,no,native,undergrad,white,0,none,democrat,1,65,8.83,11.67,26.67,22.71,18.33,41.17,38.33,23.33,32.5,trust,76,30,65,35,61.67,3.33,6.67,60,65,60,10,60,0,0,10,10,60,0,60,60,25,50,18,20,30,20,55,40,65,45
RXPrRGuhW,EnrichingLorikeet,Right,Before,-80,27,70,female,female,no,no,native,undergrad,white,0,jewish,democrat,1,45,30,77.33,15,36,5,36.67,27.67,35,28.79,trust,67.2,20,80,60,58.33,6.67,6.67,73.33,75,40,10,60,10,0,20,0,60,0,80,80,30,51,30,51,30,51,70,70,70,20
RorutAXNj,OutstandingSeahorse,Right,Before,-71,42,65,female,female,no,no,native,undergrad,white,0,christian,republican,4,77.17,31,78.67,86.33,57.83,33.17,29.67,29.33,36.33,32.71,trust,47,100,100,0,0,83.33,0,57.33,0,0,100,0,99,51,0,0,100,0,40,32,78,73,10,14,38,30,70,19,57,52
RptDdfymm,KnowledgeableJellyfish,Right,Before,-94,32,70,female,female,no,no,native,NA,white,0,christian,republican,6,30,70.83,87.67,95,66.79,25,22.5,37.67,45,33.88,distrust,29,80,5,75,28.33,60,100,0,80,5,70,0,60,50,100,100,0,100,0,0,90,50,95,100,90,10,50,20,15,30
RzuoCLCRf,FaithfulChimpanzee,Right,Before,-84,34,31,male,male,no,no,native,undergrad,black,0,none,independent,3,39.67,36.5,45.5,65.33,43.23,17.67,16.17,9.17,34.67,23.9,distrust,16,13,5,8,35.67,17,37.67,9.33,50,33,14,24,20,17,59,41,5,13,14,9,55,50,8,50,50,28,64,35,69,50
RRtkqHPcu,BubblyDog,Right,Before,-76,42,57,female,female,no,no,native,NA,white,0,mormon,republican,5,25.83,42.5,48.33,85,51.88,32.5,22.5,15,43.33,29.38,distrust,26,85,30,55,31.67,56.67,78.67,10.67,40,25,60,30,50,60,76,70,10,90,11,11,75,60,75,75,50,25,55,30,25,50
RWQWZkLib,SympatheticWoodpecker,Right,Before,-83,40,66,male,male,no,no,native,postgrad,white,0,christian,republican,5,54.67,25.5,73.67,76.5,50.02,20,24.5,25.33,33.5,28.23,trust,55.8,50,40,10,34,30,31.67,6.33,52,0,50,50,40,0,46,0,14,49,5,0,60,43,81,30,71,24,39,20,56,29
RcqiGBIWB,CalmLynx,Right,Before,-74,41,63,female,female,no,no,native,undergrad,white,0,other,democrat,1,26.17,15.83,39.67,8.33,20.4,23.83,35.83,17,41.67,34.85,distrust,48,0,100,100,90,0,0,96.67,100,70,0,100,0,0,0,0,100,0,100,90,20,35,15,15,20,15,35,15,20,50
RhjAkqWfx,DazzlingManatee,Right,Before,-82,27,67,female,female,no,no,native,highschool,white,0,none,republican,5,49.17,57.33,42.83,62.67,51.38,5.5,12.67,7.83,29,14.71,trust,47,51,46,5,5,24,10.67,12.33,2,13,9,0,51,12,13,11,12,8,11,14,57,51,49,52,51,56,47,49,45,45
RtjbpdEFW,PositiveTurkey,Right,Before,-81,35,64,female,female,no,yes,native,postgrad,white,0,none,democrat,0,49.5,46.83,54.5,50.33,50.38,33.5,28.5,30.83,27.67,28.62,trust,74.6,32,88,56,59.67,59,71,81,24,79,32,76,73,72,66,73,82,74,76,85,16,59,77,89,56,17,60,77,87,76
RxBheWwbe,NeatLemur,Right,Before,-83,28,66,male,male,no,no,native,undergrad,white,0,christian,independent,3,43.33,90,40,98.17,73.42,33.33,40,10,48.17,33.83,distrust,16,70,0,70,26.67,50,66.67,0,50,30,70,0,50,30,100,100,0,0,0,0,100,100,100,100,100,20,15,15,0,0
RbBlmBela,QualifiedSalamander,Right,Before,-95,39,68,male,male,no,no,native,postgrad,white,0,other,independent,3,24.67,18.67,45.5,42.5,27.31,25.33,31.33,5.17,7.83,23.06,trust,68.4,10,50,40,60.67,0,2,22.33,54,77,0,51,0,0,6,0,50,0,10,7,50,52,51,26,52,24,51,26,42,42
RqjoQdzFP,HarmoniousViper,Right,Before,-87,34,58,female,female,no,no,native,highschool,white,0,christian,independent,3,29.17,27.5,71.67,100,51.79,37.5,39.17,21.67,50,36.17,distrust,41.6,30,50,20,83.33,0,0,16.67,100,100,0,50,0,0,0,0,50,0,0,0,50,50,50,50,50,0,50,50,50,50
RgqMcQKTA,BoldCricket,Right,Before,-83,42,62,female,female,no,no,native,somecollege,white,0,christian,democrat,1,78.17,8.5,57.5,36.83,42.94,28.5,41.83,42.5,40.17,40.69,trust,85.4,0,100,100,99.67,0,0,94.67,100,99,0,100,0,0,0,0,100,0,84,100,40,0,0,0,0,21,71,18,64,7
RnKJLErjF,JubilantCat,Right,Before,-80,25,32,male,male,no,no,native,undergrad,white,0,christian,republican,6,75,23.5,47.67,91.67,52.69,41.67,36.5,47.67,41.67,41.9,distrust,23.2,100,0,100,28.33,87.67,23.67,0,0,85,100,0,86,77,71,0,0,0,0,0,100,100,100,87,72,51,61,9,51,0
RKNdzyQRf,DiligentEgret,Right,Before,-87,30,61,male,male,no,no,native,NA,multiracial,0,christian,republican,6,69.67,51.67,76.67,81.67,58.56,19.67,11.67,26.67,31.67,23.65,trust,60.4,86,65,21,1.67,70.33,8,30,5,0,71,0,70,70,2,2,40,20,25,25,74,50,50,68,70,50,70,40,40,65
RSHbabwCm,NotableHummingbird,Right,Before,-94,32,44,female,female,no,yes,native,NA,multiracial,0,none,independent,3,60.33,39.67,29,25.33,33.23,10.33,21,21.33,24.67,24.69,trust,38.2,0,68,68,98.33,0,30.33,48,100,100,0,95,0,0,65,0,51,26,58,35,21,50,27,12,31,35,60,26,51,27
RacaMugsp,WelcomingFrog,Right,Before,-77,39,44,female,female,no,no,native,undergrad,black,0,christian,independent,3,49.83,30.17,44.5,26.17,35.17,10.17,20.5,19.5,28.83,22.08,distrust,51.8,15,75,60,60,5,22.67,68.33,60,60,2,60,10,3,30,33,70,5,70,65,40,35,45,15,35,24,10,5,51,71
RLedeoQsA,InspiringCrab,Right,Before,-98,35,59,female,female,no,no,native,somecollege,white,0,christian,republican,5,27.33,20.33,100,66.67,54.5,44,37,50,50,46.17,distrust,49,74,57,17,23.67,72.33,47.33,37.33,0,71,72,0,72,73,57,27,35,58,40,37,81,51,51,90,89,38,33,31,52,52
RIFokvZUT,VividMacaw,Right,Before,-98,30,49,male,male,no,no,native,undergrad,hispanic,0,christian,republican,5,59,18.67,64.33,98.33,49.15,24.67,31.33,22.67,48.33,33.52,distrust,39.8,40,14,26,18.33,45,45.67,5,16,34,40,5,40,55,61,75,5,1,6,4,64,50,95,10,8,27,88,68,71,46
RXPHKEMvL,ObservantBadger,Right,Before,-98,30,53,female,female,no,no,native,undergrad,white,0,other,democrat,0,66.67,25.33,13.67,11.67,23.94,26.67,25.67,37,45,36.48,trust,70,0,100,100,73.33,0,0,100,100,100,0,20,0,0,0,0,100,0,100,100,0,0,0,0,0,30,60,30,68,40
RbcqHuPvg,GentleTrout,Right,Before,-98,30,65,female,female,no,yes,native,postgrad,white,0,other,independent,3,22.5,12.17,2.83,11.17,17.88,27.5,37.83,47.17,38.83,36.75,distrust,19.6,15,23,8,13,2,6,4.67,19,5,6,15,0,0,10,3,12,5,2,0,0,16,0,0,0,29,56,28,30,9
RQQAHmxmF,HopefulKiwi,Right,Before,-76,41,55,male,male,no,no,native,highschool,white,0,christian,independent,3,58.83,41.5,27.67,96.83,55.6,26.5,28.5,37,46.83,37.02,distrust,6.4,80,9,71,0,61.33,79,3.33,0,0,70,0,51,63,78,86,10,73,0,0,53,50,70,41,50,47,60,60,70,51
RdiFroHkb,LaudableStingray,Right,Before,-80,33,50,male,male,no,no,native,undergrad,black,0,christian,democrat,2,51.33,5.83,15.17,72.83,36.08,32,44.17,41.5,38.17,38.83,distrust,26.8,55,35,20,21.67,57.67,48.67,24.67,40,17,60,8,60,53,74,71,45,1,19,10,48,52,92,43,85,30,26,17,0,0
RRqikxYak,FlexiblePig,Right,Before,-74,41,46,male,male,no,no,native,highschool,white,0,christian,republican,6,47.33,87,88.83,91.5,73.94,13,37,38.83,41.83,30.73,trust,45,100,0,100,1.67,93.67,68.67,0,0,5,81,0,100,100,100,53,0,53,0,0,81,52,100,100,100,52,52,74,52,78
RUeSeKbFU,JudiciousFox,Right,Before,-98,36,63,female,female,no,no,native,somecollege,white,0,christian,republican,6,28.33,100,100,100,86.21,38.67,50,50,50,45.88,distrust,29.4,79,22,57,0.33,70,46.33,4.67,0,1,70,0,70,70,59,51,14,29,0,0,100,99,100,100,100,0,0,0,0,0
RKxAQCOtl,WarmShark,Right,Before,-95,30,31,female,female,no,no,native,undergrad,multiracial,0,none,democrat,1,66,20.5,54.17,41.17,32.77,19.67,37.83,4.5,25.83,27.44,distrust,24.4,17,57,40,56.67,11.67,29.33,32.67,60,58,10,52,12,13,32,43,25,13,45,28,24,17,40,25,51,26,40,23,56,55
RGLElMmpv,FlourishingMagpie,Right,Before,-105,39,30,female,female,no,no,native,postgrad,multiracial,0,none,democrat,0,51.5,12.67,5.33,0,15.17,22.5,44,44.67,50,41.38,trust,45,30,69,39,67.33,13.67,28.33,61,62,62,1,78,40,0,39,40,57,6,55,71,89,50,96,99,98,19,50,10,68,37
RfIjcyvrH,MajesticYak,Right,Before,-118,34,47,male,male,no,no,native,highschool,hispanic,0,christian,independent,3,44.5,38.67,41.5,58.5,46.73,30.83,26,25.83,33.5,29.31,distrust,67.4,7,88,81,31.67,6.67,28,87.33,68,8,5,19,9,6,3,81,95,0,81,86,55,17,7,12,22,42,71,15,29,51
RBWsIabZj,GracefulPheasant,Right,Before,-83,28,43,female,female,no,no,native,NA,white,0,none,independent,3,14.67,68.33,46.67,58.33,51.4,35.33,18.33,3.33,18.33,20.65,NA,23,10,10,0,50,10,23.33,10,50,50,10,50,10,10,10,50,10,10,10,10,50,50,50,50,50,20,60,40,40,50
RjDsIitac,EmpatheticWalrus,Right,Before,-84,34,76,male,male,no,no,native,somecollege,white,0,none,NA,NA,76.67,62.5,75,27.5,57.81,26.67,29.17,25,39.17,32.4,trust,54,70,0,70,31.67,43.33,73.33,5,65,20,50,10,60,20,80,60,10,80,0,5,80,80,0,60,50,40,40,60,60,50
RtZUkgnPc,WholesomeSparrow,Right,Before,-79,36,21,male,male,no,yes,native,NA,white,0,none,independent,3,57.5,6.67,47.5,18.33,28.02,17.5,43.33,22.5,31.67,31.77,trust,50,10,70,60,60,0,10,56.67,90,90,0,0,0,0,20,10,60,0,80,30,40,50,0,0,50,50,40,55,25,45
RytALFYgN,IdealDonkey,Right,Before,-80,36,61,female,female,no,no,native,undergrad,white,0,christian,republican,5,42.67,56.33,91.5,95,72.92,16.33,37,41.83,45,36.04,distrust,17.2,80,17,63,0,64,62.33,0,0,0,70,0,57,65,88,92,0,7,0,0,91,54,100,93,94,12,69,75,34,74
RsIDyJmLx,ValorousBeaver,Right,Before,-88,38,62,female,female,no,no,native,NA,white,0,christian,republican,6,41,61.33,78.5,89.17,62.75,33.67,12.33,28.83,44.17,31.88,distrust,73.8,93,27,66,21.33,81,58,1,12,51,88,1,85,70,71,87,3,16,0,0,99,34,100,62,51,33,50,0,51,61
RFIGyIePA,BlissfulGorilla,Right,Before,-85,41,59,female,female,no,no,native,undergrad,white,0,other,democrat,0,27.67,28.83,11.67,0,16.04,22.67,29.17,38.33,50,36.42,trust,54.2,13,91,78,58.67,2.33,8.67,82,84,85,3,7,1,3,17,8,82,1,80,84,0,51,0,2,2,69,42,46,72,56
RrjNNVvnK,CharismaticCamel,Right,Before,-112,41,58,male,male,no,no,native,undergrad,white,0,none,democrat,1,50.5,18.83,35.33,17.5,25.71,19.5,31.17,23.33,32.5,29.88,trust,61.4,5,71,66,78.67,0,5,67.33,95,90,0,51,0,0,15,0,70,0,69,63,24,50,25,22,51,30,50,35,50,79
RXYnVQNLa,CarefreeDragon,Right,Before,-84,34,28,male,male,no,no,native,NA,multiracial,1,none,independent,3,24.33,78.33,37.67,91.5,54.88,34,28.67,38,41.83,37.75,distrust,0,45,25,20,9,0,36.67,0,0,0,0,27,0,0,55,55,0,0,0,0,51,51,51,62,51,10,0,0,0,0
RQYeHLEBJ,JustJaguar,Right,Before,-123,46,44,male,male,no,no,native,postgrad,white,0,none,democrat,1,40.67,14,37.33,40.67,26.04,31.33,36,17.33,42.67,36.17,trust,34.8,0,85,85,97.33,0,0,77.67,100,100,0,92,0,0,0,0,82,0,76,75,15,22,31,0,25,32,65,31,74,42
RWnAFpHeG,OptimisticTortoise,Right,Before,-85,35,51,male,male,no,no,native,NA,white,0,christian,republican,5,75.83,16.5,46.83,57.67,42.83,25.83,37.17,10.17,20,22.5,trust,80.2,57,42,15,23,48.67,16.33,30,36,24,50,9,46,50,24,17,29,8,40,21,58,50,50,30,60,45,81,29,75,55
RKrMdDpzS,DaringKookaburra,Right,Before,-158,21,30,male,male,no,no,native,undergrad,white,0,none,democrat,2,41.67,51.67,47,51,35.98,18.33,33,4,20.67,24.06,trust,65.6,38,67,29,26,29.33,19.67,46,48,14,33,16,24,31,36,15,46,8,47,45,41,51,35,15,51,35,89,35,72,64
RCvPoPOaV,EsteemedNumbat,Right,Before,-82,42,68,female,female,no,no,native,postgrad,white,0,christian,democrat,0,26.5,29.67,60,37,35.69,23.5,20.33,20.33,23,23.98,trust,53.2,20,83,63,34.33,41,28.67,70.67,50,37,51,16,35,37,40,30,51,16,80,81,10,70,51,32,51,30,30,30,30,30
RYrsiPrvo,SplendidCockatoo,Right,Before,-118,34,52,female,nbqueer,no,yes,native,postgrad,white,0,none,independent,3,33.67,10.83,21,0,10.79,24.67,39.17,29.33,50,40.29,distrust,33.6,0,75,75,100,0,49,45.67,100,100,0,100,0,0,55,51,60,41,51,26,20,40,10,10,46,29,30,28,47,48
RhuAXrYff,PassionateAlligator,Right,Before,-74,41,24,female,female,no,yes,good,somecollege,multiracial,0,other,republican,4,26.5,20.67,13.17,74.33,30.98,29.17,29.33,36.83,25.67,32.27,distrust,21.8,62,56,6,58.33,47.33,46.67,54.67,52,55,59,68,42,41,52,53,62,35,43,59,61,72,70,0,0,24,27,19,61,64
RkGRhGoah,AmbitiousKoala,Right,Before,-122,38,27,male,male,no,no,native,NA,multiracial,0,christian,republican,4,40.83,75,51.67,75,60.6,17.5,28.33,13.33,25,21.48,distrust,8.6,80,20,60,0,80.67,60.67,3.33,0,0,70,0,100,72,100,72,10,10,0,0,70,50,50,55,55,37,45,40,40,50
RMWwBaUce,AmiableLeopard,Right,Before,-74,41,NA,female,female,no,yes,native,undergrad,multiracial,0,none,independent,3,0,1.83,0,2.67,3.52,50,48.17,50,47.33,46.48,trust,34.4,4,7,3,31,0,47.67,12.33,10,53,0,30,0,0,57,53,2,33,14,21,0,0,0,0,0,36,39,41,71,45
RTobuAScs,QuaintPanther,Right,Before,-135,58,58,male,male,no,no,native,somecollege,white,0,christian,democrat,0,37.67,21.33,16,11.5,20.29,21.33,39,34,38.5,34.21,trust,88.6,20,92,72,70,6.67,0,93.33,30,80,9,100,0,11,0,0,92,0,97,91,38,0,28,0,50,18,0,0,0,0
RcdZopeiP,GraciousHyena,Right,Before,-118,34,23,male,male,no,no,native,undergrad,multiracial,0,none,independent,3,35.67,15.67,16.67,27.5,19.65,27.67,34.33,50,22.5,37.44,distrust,28,30,60,30,78.33,0,8.33,35,80,75,0,80,0,0,10,10,35,5,35,35,40,40,20,0,50,15,60,10,40,30
RvizZFbau,LovingFireworm,Right,Before,-94,30,22,female,female,no,no,native,highschool,multiracial,0,none,republican,4,24.67,27.33,37.67,50.5,33.85,25.67,29.67,13.33,24.17,30.77,distrust,44.6,75,75,0,25,51.33,22.33,51,18,57,55,0,51,48,0,67,51,0,51,51,50,33,69,100,69,0,4,61,60,55
RUziBQvba,EnchantingHawk,Right,Before,-82,34,36,female,female,no,no,native,NA,white,0,other,republican,4,40,72.33,67,94,63.12,20.33,22.33,17.67,44,20.67,distrust,33.2,50,50,0,33.33,50.67,31.67,49,52,48,53,0,51,48,45,50,51,0,48,48,64,51,65,60,64,74,51,64,53,59
RWdWvUJLY,CooperativeTurtle,Right,Before,-80,36,47,male,male,no,no,native,NA,asian,0,none,independent,3,8.33,26.67,18.33,58.33,35.73,41.67,36.67,45,38.33,35.94,NA,20,0,50,50,50,0,3.33,0,50,100,0,0,0,0,0,10,0,0,0,0,50,50,50,25,50,10,50,30,70,10
ReFoGQAkB,KeenCrow,Right,Before,-107,35,62,female,nbqueer,no,yes,native,postgrad,white,0,other,democrat,0,45,9.17,38.33,0,24.17,33.33,42.5,28.33,50,38.96,distrust,2,0,100,100,100,0,31.67,76.67,100,100,0,100,0,0,80,0,60,15,100,70,0,25,0,0,25,35,25,0,25,40
RQxSylmxc,CourteousWombat,Right,Before,-97,35,51,female,female,no,no,native,somecollege,multiracial,0,christian,independent,3,42.67,25,51.17,56.67,42.46,19.33,25.33,16.17,29.33,26.04,distrust,27.6,88,79,9,13.33,77.33,26.67,58.67,12,17,84,11,63,85,21,23,73,36,51,52,50,51,51,51,51,50,35,24,86,41
RqPltPoiZ,YoungReindeer,Right,Before,-121,39,59,female,female,no,no,native,undergrad,white,0,other,independent,3,34,18.5,25.67,35.33,23.19,32.67,42.83,24.33,35.67,35.48,trust,60,10,95,85,93.33,0.33,2.67,91.33,99,82,1,99,0,0,8,0,89,0,100,85,51,20,21,0,22,38,69,69,84,51
RqPYFLfMk,LovableDuck,Right,Before,-92,35,35,male,male,no,no,native,undergrad,white,0,christian,independent,3,43.67,68.17,75.5,93.17,68.94,13.33,18.5,25.83,43.17,26.94,distrust,22,64,18,46,0,0,13.33,0,0,0,0,0,0,0,1,37,0,2,0,0,80,51,84,73,87,19,51,22,34,44
RSKiXKQpG,AmazingHorse,Right,Before,-74,41,30,female,male,yes,yes,native,postgrad,black,0,other,independent,3,21.33,16.67,16.67,83.33,28.65,38,33.67,33.67,33.67,39.19,distrust,4,0,25,25,66.67,0,66.67,23,100,100,0,0,0,0,100,100,23,0,23,23,50,51,100,0,51,50,51,0,30,0
RcvPHgvLm,ExcellentMantis,Right,Before,-82,28,26,female,female,no,no,native,undergrad,white,0,none,democrat,1,44,43.5,63,38.83,37.27,21,12.83,25.33,16.17,24.4,trust,68.8,55,89,34,37.67,44.67,31,63.67,32,34,52,47,43,39,32,38,74,23,63,54,16,21,22,29,74,53,42,42,43,43
RGraIoRwL,MarvelousHare,Right,Before,-88,44,34,female,female,no,no,native,undergrad,white,0,christian,independent,3,34.17,19.17,75,91.67,42.29,15.83,30.83,35,41.67,32.71,distrust,54,30,60,30,55,20,43.33,48.33,60,60,10,45,0,50,55,55,50,20,55,40,50,40,75,20,50,35,50,20,80,90
RwGuOQOaW,RadiantFalcon,Right,Before,-118,34,21,female,female,no,yes,native,NA,asian,0,none,democrat,2,24.5,6.33,10.33,16.33,13.4,29.17,43.67,39.67,33.67,37.06,distrust,17.6,11,61,50,65.33,4.67,23.33,37.33,79,81,0,36,7,7,24,27,36,19,43,33,28,26,36,10,18,19,23,30,35,18
RdwUQdfzN,ReliableCheetah,Right,Before,-76,37,61,male,male,no,no,native,undergrad,white,0,christian,independent,3,50,100,96.67,91.67,76.67,23.33,50,46.67,41.67,37.92,trust,26,70,10,60,46.67,51.67,96.67,3.33,70,60,55,10,55,45,100,90,10,100,0,0,60,45,45,55,55,40,70,20,20,20
RclHxGhGG,CompassionateHippopotamus,Right,Before,-80,36,39,NA,NA,no,no,native,undergrad,white,0,eastern,independent,3,34.67,7.5,51,26.67,22.21,24.67,42.5,24.33,33.33,37.38,distrust,1.2,0,15,15,99.33,0,73.67,0,100,100,0,98,0,0,100,100,0,21,0,0,10,51,0,0,15,14,51,6,31,33
RxRFCfsFk,LightheartedEmu,Right,Before,-74,41,71,female,female,no,yes,native,postgrad,white,0,christian,democrat,1,51.33,30,39.17,46.33,41.38,11.67,21.67,21.5,7,19.83,trust,76.6,61,86,25,2,23,0,53,4,2,50,0,7,12,0,0,52,0,56,51,14,39,50,2,39,44,50,50,44,55
RQasGydXg,YearningRooster,Right,Before,-112,33,56,male,male,no,no,native,undergrad,white,0,christian,independent,3,83.33,76.67,66.67,78.33,67.81,50,40,20,28.33,35.31,trust,15,50,50,0,33.33,50,33.33,50,50,50,50,0,50,50,50,50,50,0,50,50,50,50,50,50,50,50,75,25,30,70
RtFRSLvqm,SmilingMouse,Right,Before,-95,37,56,female,female,no,no,native,NA,white,0,christian,republican,6,75.83,75,83,88.5,73.94,25.83,25.33,42,38.5,31.35,distrust,16.6,72,54,18,22.33,65.67,63.33,45.33,35,20,68,12,61,68,51,62,51,77,51,34,75,51,100,100,100,59,61,75,64,86
RzpZBSJIL,EloquentBumblebee,Right,Before,-90,30,46,male,male,no,no,native,highschool,black,0,christian,democrat,2,42.5,35,31.67,40,35.94,14.17,35,21.67,43.33,29.27,trust,75,40,80,40,48.33,23.33,51.67,80,60,10,50,75,10,10,60,85,80,10,80,80,20,10,15,10,10,40,75,10,70,65
RSTFUfdrr,UpbeatCougar,Right,Before,-79,36,37,male,male,no,no,native,undergrad,white,0,none,independent,3,30.83,2.5,13.33,15.83,11.15,35.83,47.5,36.67,34.17,40.94,distrust,36,0,70,70,90,0,23.33,45,100,100,0,70,0,0,60,10,60,0,25,50,5,5,0,0,10,0,30,0,0,0
RqquYZMzi,GleefulOstrich,Right,Before,-118,34,63,female,female,no,no,native,somecollege,white,0,none,republican,4,67.5,75,56.67,91.67,65.21,20.83,25,6.67,41.67,25.42,distrust,2,70,0,70,0,55,40,0,0,0,51,0,63,51,70,50,0,0,0,0,65,51,80,80,70,30,50,39,30,21
RsECgyDOI,CreativePossum,Right,Before,-96,30,29,female,female,no,no,native,NA,black,0,none,democrat,0,54,25.67,39.83,60,35.67,11,37.67,16.83,26.67,30.67,distrust,20,0,100,100,100,0,0,100,100,100,0,100,0,0,0,0,100,0,100,100,0,0,50,0,50,60,25,40,60,20
RdnDNBads,PlayfulGecko,Right,Before,-122,38,50,male,male,no,no,native,postgrad,multiracial,0,NA,democrat,2,28.5,32.5,48.83,36.67,35.92,23.17,29.83,5.83,13.67,21.79,trust,53.2,61,81,20,54,38.67,46.33,58.67,71,52,54,39,47,15,56,56,60,27,57,59,63,51,49,31,51,37,56,68,57,91
RcaqYviRX,NobleLobster,Right,Before,-72,42,54,female,female,no,no,native,undergrad,multiracial,1,christian,independent,3,18.33,32.5,3.5,80.67,43.33,31.67,17.5,46.5,30.67,30.79,trust,25.6,100,100,0,3.33,58.33,13.33,33.67,10,0,60,0,65,50,40,0,50,0,10,41,60,60,50,50,10,40,65,35,60,55
RLLLrLOyR,KindheartedPuma,Right,Before,-117,33,48,male,male,no,no,native,somecollege,hispanic,0,christian,independent,3,40.83,41.67,45.83,86.67,52.29,17.5,15,24.17,41.67,23.96,trust,75,15,25,10,58.33,6.67,36.67,43.33,75,35,10,65,10,0,50,40,20,20,60,50,55,50,90,30,40,40,60,75,35,20
RkuIGRUgM,ResourcefulAntelope,Right,Before,-105,47,24,male,male,no,no,native,NA,white,0,none,independent,3,59.17,25,54.17,66.67,39.9,17.5,25,19.17,16.67,24.27,distrust,29,15,60,45,36.67,30,0,58,50,50,20,10,30,40,0,0,59,0,60,55,40,50,40,25,40,30,40,20,40,5
RQDfnCVUm,ResilientOtter,Right,Before,-85,34,59,female,female,no,yes,native,NA,black,0,other,democrat,0,0,0,33.33,16.67,18.75,50,50,50,50,50,distrust,23.6,0,100,100,100,0,0,100,100,100,0,100,0,0,0,0,100,0,100,100,0,0,0,0,0,49,79,15,49,65
RJmsfQtXn,JoyousWallaby,Right,Before,-83,43,27,male,male,no,yes,native,highschool,white,0,none,independent,3,35,47.5,36.67,88.33,51.98,28.33,14.17,13.33,38.33,27.4,distrust,17,35,25,10,0,16.67,6.67,0,0,0,15,0,20,15,10,10,0,0,0,0,60,50,70,45,50,40,40,20,30,30
RFyqCKFpz,UnderstandingKingfisher,Right,Before,-82,39,64,female,female,no,no,native,postgrad,white,0,other,independent,3,37.67,50,68,85.67,62.52,13,12.67,25,39,22.94,distrust,42.4,71,40,31,38.33,56,48.33,31.33,56,39,60,20,54,54,65,49,40,31,35,19,80,75,100,66,90,36,48,33,33,33
RYMLxIXkw,ForgivingPenguin,Right,Before,-97,33,38,female,female,no,no,native,somecollege,white,0,other,republican,6,26.67,56.33,50,83.33,58.5,40,23,0,50,35.17,distrust,6,100,0,100,0,100,86.67,0,0,0,100,0,100,100,80,80,0,100,0,0,100,50,100,50,50,0,50,0,0,0
RyHVMtoXW,TrustworthySquid,Right,Before,-71,42,24,female,female,no,no,native,undergrad,asian,0,muslim,democrat,2,55.33,28.5,5,70,33.52,15.33,31.83,45,20,32.02,trust,60,75,85,10,6.67,13.33,20,43.33,0,20,30,0,10,0,0,60,70,0,10,50,30,30,65,30,0,45,90,70,41,13
RXiUkuAap,CleverPelican,Right,Before,-77,40,58,male,male,no,no,native,somecollege,white,0,christian,independent,3,59.83,83.5,80.33,74.5,69.06,22.17,33.5,30.33,34.5,29.27,trust,51.8,65,16,49,14.67,64,77.33,8.33,13,13,59,18,69,64,86,82,10,64,8,7,64,55,67,86,63,23,60,63,33,73
RkHFBYRxD,CourageousBilby,Right,Before,-81,32,60,female,female,no,no,native,postgrad,white,0,christian,republican,6,43.5,36.83,93.67,86,62.17,12.17,17.83,43.67,36,28.88,trust,53.4,81,22,59,16,70.67,50.67,3.67,25,15,71,8,72,69,76,68,7,8,4,0,80,50,88,58,88,15,50,30,43,31
RfWXqTvtr,BrilliantOwl,Right,Before,-82,27,51,female,female,no,no,native,undergrad,white,0,christian,democrat,2,40.67,21.5,37.17,30,31.65,12.67,30.5,16.17,20.33,22.4,distrust,47.2,10,63,53,55.67,11,31.67,46.67,67,43,8,57,0,25,47,19,53,29,36,51,45,51,39,51,41,20,41,21,46,58
RMNejIzMb,AffectionateWhale,Right,Before,-105,39,38,female,female,no,yes,native,postgrad,multiracial,0,christian,democrat,0,26.67,10.5,23.83,17.83,18.77,24.67,39.5,30.83,32.17,32.94,trust,62.4,8,88,80,87.33,1.67,21.33,76,85,85,3,92,0,2,37,23,74,4,83,71,9,42,11,8,5,44,63,6,47,24
RJjmdnnDz,MagnificentBuffalo,Right,Before,-80,41,37,female,female,no,no,native,postgrad,white,0,christian,independent,3,35.83,41.17,22.33,29.5,33.19,14.17,10.5,27.67,30.5,23.81,distrust,33,50,50,0,46.67,37,37,48.33,55,52,40,33,48,23,50,43,47,18,49,49,45,50,30,34,31,50,60,15,51,38
RgeUvPxRe,TranquilFlamingo,Right,Before,-77,39,64,female,female,no,no,native,NA,white,0,none,independent,3,34.17,16.67,38.33,16.83,21.79,22.5,33.33,21.67,43.17,31.75,trust,87,30,95,65,25,3.33,0,86.67,60,15,10,0,0,0,0,0,90,0,90,80,15,50,25,25,25,30,85,20,65,35
RMHojlfES,VirtuousArmadillo,Right,Before,-74,41,19,male,male,no,yes,native,NA,indian,0,christian,democrat,1,49.5,6.17,6.67,22.83,20.06,12.83,43.83,43.33,27.17,34.4,distrust,16,10,75,65,67.33,0,18.33,30.67,75,75,0,52,0,0,30,25,0,0,40,52,7,55,0,5,15,75,85,0,65,0
RfnDFKxze,AdaptablePorcupine,Right,Before,-123,44,45,male,male,no,no,native,undergrad,white,0,none,democrat,0,31.17,11.5,35.83,9.83,15.85,19.17,38.5,14.17,40.17,34.19,trust,61.4,19,72,53,45.33,0,45.67,53.67,6,64,0,66,0,0,44,47,55,46,54,52,19,19,19,4,19,8,49,60,63,0
RRoSLurOF,CharitableGoat,Right,Before,-84,40,54,female,female,no,yes,native,somecollege,white,0,none,democrat,0,12,7.33,60.17,13.83,13.73,38,42.67,10.17,36.17,38.81,NA,53.4,0,88,88,86,0,11.67,82.67,100,100,0,58,0,0,35,0,78,0,96,74,0,50,25,23,50,71,51,44,84,51
RMXFJNNWZ,ImaginativeHedgehog,Right,Before,-84,41,23,female,female,no,no,native,undergrad,black,0,christian,democrat,1,58,20.83,9.83,4.83,22.73,18.33,29.17,43.17,45.17,34.4,distrust,27,30,70,40,57.33,11.67,26.67,55.33,61,50,19,61,7,9,0,50,60,30,56,50,18,50,0,0,0,19,50,9,40,21
RnzRgWqmR,BraveGazelle,Right,Before,-87,33,41,female,female,no,yes,native,NA,white,0,none,independent,3,50.5,47.67,54.33,49.83,43.81,12.5,21,12.67,19.5,19.15,distrust,25.6,39,40,1,11.33,16.67,17.33,19,17,10,21,7,17,12,26,23,24,3,22,11,45,43,45,47,52,42,61,43,57,59
RSYlYWErj,SunnyFinch,Right,Before,-80,36,56,female,female,no,no,native,undergrad,white,0,christian,independent,3,26.17,46,46.17,46.5,41.25,36.17,22.67,11.17,36.5,26.75,distrust,18.2,50,51,1,1.67,31,22.33,15,0,5,38,0,51,4,24,43,35,0,10,0,51,64,33,75,50,9,49,10,16,36
RGgvrsqCT,HelpfulBee,Right,Before,-81,29,43,male,male,no,no,native,undergrad,white,0,none,republican,4,56.67,56.67,50,70,57.5,6.67,6.67,0,20,12.92,distrust,19,51,49,2,49,51,49,49,49,49,51,49,51,51,49,49,49,49,49,49,70,50,70,70,50,50,50,50,50,50
LtFGnZgXL,SmartGibbon,Left,Before,-77,39,32,male,male,no,no,good,undergrad,multiracial,1,muslim,independent,3,52,0,0,11.33,14.79,37.67,50,50,38.67,44.33,trust,48.2,0,0,0,100,0,100,0,100,100,0,100,0,0,100,100,0,100,0,0,9,14,14,6,0,21,55,61,61,60
LbRvugFnz,DazzlingLamb,Left,Before,-85,38,60,male,male,no,no,native,postgrad,white,0,jewish,democrat,0,38,1.5,53.5,65.83,31,18.67,48.5,21.83,29.5,30.79,distrust,56.8,5,80,75,61.67,0,0,35.33,55,55,0,75,0,0,0,0,29,0,50,27,10,51,70,10,41,9,51,20,70,51
LXGcEtQLw,QuaintPelican,Left,Before,-76,43,55,female,female,no,no,native,NA,white,0,none,democrat,0,39.17,21.5,3.67,24.83,18.15,39.17,45.17,46.33,41.83,41.23,distrust,51.2,0,89,89,38,0,3.33,50.67,59,55,0,0,0,0,0,10,41,0,61,50,0,50,0,47,19,44,45,60,30,47
LZlCpSpOf,DeterminedSeahorse,Left,Before,-112,35,52,female,female,no,no,native,undergrad,multiracial,0,christian,democrat,2,20.5,27.33,77.17,85,51.65,30.5,24.67,27.17,35,29.73,distrust,13.2,2,5,3,63.67,0,9,19.33,89,51,0,51,0,0,3,0,10,24,41,7,40,41,100,9,100,51,45,60,63,51
LsDqRoBQf,VibrantMantis,Left,Before,-89,36,46,male,male,no,no,native,postgrad,white,0,none,independent,3,59.17,68.33,15.33,90.83,56.9,22.5,25,34.67,40.83,29.31,distrust,19.8,70,5,65,55,26.67,86.67,0.67,75,50,30,40,40,10,95,70,0,95,2,0,65,50,100,90,5,25,20,70,60,25
LHaOTSSOP,UniqueSnail,Left,Before,-77,37,61,male,male,no,yes,native,undergrad,white,0,christian,independent,3,40.83,57.5,74.17,67.5,54.48,9.17,9.17,24.17,17.5,16.77,trust,47,65,40,25,25,43.33,55,26.67,60,5,55,10,45,30,60,40,45,65,25,10,65,60,70,65,80,30,45,30,55,25
LZTWcQlWf,YoungHawk,Left,Before,-87,36,35,male,male,no,no,native,highschool,white,0,christian,republican,6,55,73.5,79,74.33,72.02,29.67,35.17,30,35.33,31.98,distrust,38.2,100,0,100,0,100,100,0,0,0,100,0,100,100,100,100,0,100,0,0,87,60,82,81,96,16,70,35,63,23
LKJPvqFox,DiligentKiwi,Left,Before,-97,33,56,male,male,no,no,native,undergrad,white,0,christian,republican,4,46.33,64.17,79.83,76.17,59.52,12.67,18.17,29.83,26.17,22.4,distrust,30.2,63,2,61,35,50.33,94,2.33,41,37,56,27,47,48,94,90,2,98,1,4,72,63,73,6,83,72,26,8,1,61
LAnqgqolk,WonderfulGorilla,Left,Before,-89,43,35,male,male,no,no,native,highschool,white,0,none,independent,3,18.33,14.17,13.33,19.17,18.96,35,40.83,36.67,30.83,35.83,trust,53,40,85,45,66.67,11.67,20,65,65,80,15,55,10,10,20,30,70,10,65,60,10,15,15,0,5,70,70,70,75,60
LBWlVueLB,RespectfulOwl,Left,Before,-79,36,47,male,male,no,no,native,undergrad,white,0,none,independent,3,67.83,45.67,91.67,25.67,48.98,27.5,33.33,41.67,41,35.02,trust,70.8,33,19,14,41,31.33,67.33,12.33,63,51,39,9,30,25,79,72,11,51,13,13,51,51,7,32,84,29,63,17,20,25
LdhBfVGlb,CourteousAntelope,Left,Before,-82,30,53,female,female,no,no,native,undergrad,white,0,jewish,republican,6,56.67,91.33,100,91.5,75.54,20.33,41.33,50,41.5,37.08,distrust,35,98,0,98,0,79,98.33,0,0,0,53,0,93,91,100,100,0,95,0,0,90,60,73,92,97,20,64,8,13,54
LZECCxqyz,QuickOstrich,Left,Before,-91,30,64,female,female,no,no,native,highschool,white,0,christian,republican,5,39.67,41,67.5,56,49.35,17.67,32,20.5,38.33,31.73,distrust,38.2,60,40,20,17.33,73,48.67,28.67,8,19,70,25,75,74,44,51,31,51,29,26,76,76,61,51,51,39,63,25,36,45
LNelNyGco,JoyousFirefly,Left,Before,-85,43,57,female,female,no,no,native,highschool,white,0,christian,republican,6,38.67,48.5,34.33,57.17,50.46,32,25.5,21.67,25.17,29.5,distrust,61.2,84,60,24,0.67,58.67,24.67,27.67,0,0,55,2,59,62,32,32,14,10,51,18,100,50,70,30,71,97,72,72,58,38
LolnzNwuy,HumbleLorikeet,Left,Before,-84,36,50,male,male,no,no,native,NA,white,0,christian,independent,3,57.5,16.67,59.17,54.17,44.69,30.83,36.67,20.83,29.17,33.44,distrust,34,0,0,0,66.67,0,66.67,0,100,100,0,0,0,0,100,100,0,0,0,0,51,20,30,0,50,19,10,10,0,40
LyUGjBPRe,DelightfulEgret,Left,Before,-82,31,36,female,female,no,no,native,NA,white,0,christian,independent,3,33.33,41.67,45.83,87.5,42.71,33.33,16.67,12.5,37.5,29.17,distrust,50,50,50,0,33.33,0,33.33,0,50,50,0,0,0,0,50,50,0,0,0,0,50,50,50,25,50,50,50,0,0,0
LvLODQtqx,AmbitiousManatee,Left,Before,-93,45,58,female,female,no,no,native,undergrad,white,0,christian,independent,3,36.83,63.83,70.67,63.33,51.6,16.83,13.83,20.67,20,21.1,trust,31.6,50,29,21,7,34,46.33,6.33,16,3,50,2,50,2,69,70,19,0,0,0,50,50,50,95,36,19,50,20,16,30
LlzFSBekV,SympatheticQuokka,Left,Before,-75,40,47,male,male,no,no,native,NA,black,0,none,independent,3,45.83,8.33,25,8.33,13.54,12.5,41.67,25,41.67,37.5,trust,67.4,5,75,70,51.33,0,8.33,60,80,50,0,24,0,0,25,0,65,0,65,50,0,25,0,0,24,50,50,50,50,50
LsibxGrzT,TenderWallaby,Left,Before,-76,41,69,female,female,no,no,native,postgrad,white,0,christian,democrat,2,64.17,37,49.67,33,42.83,14.17,30.33,12,27,24.83,trust,67.2,35,80,45,5.33,10,0,58.33,12,4,17,0,11,2,0,0,73,0,53,49,15,7,5,12,48,26,17,20,12,12
LBbUKBTkJ,CourageousPorpoise,Left,Before,-82,27,58,male,male,no,yes,native,postgrad,white,0,christian,democrat,1,69.83,15.67,40.83,36.5,37.69,33.5,34.33,20.83,46.83,35.94,trust,89.4,10,95,85,61.67,0,0,96.67,90,80,0,15,0,0,0,0,90,0,100,100,10,30,70,19,50,30,40,60,55,70
LvRkWKiQf,KindDeer,Left,Before,-74,41,70,female,female,no,no,native,undergrad,white,0,jewish,republican,6,66.83,69.33,91.17,75.67,69.23,24.5,20,41.17,34.67,27.52,trust,51.4,90,26,64,18,100,60.33,0,0,54,100,0,100,100,99,15,0,67,0,0,82,71,86,17,95,41,53,53,58,38
LINrRVIZl,ImpressivePanda,Left,Before,-74,41,28,male,male,no,no,native,highschool,white,0,none,republican,6,47.33,77.5,57.67,100,69.79,17,27.5,20.67,50,33.42,distrust,13.8,100,0,100,0,89.67,66.67,0,0,0,90,0,90,89,100,100,0,0,0,0,100,100,100,100,100,3,71,0,0,0
LodLELsqH,BrightCamel,Left,Before,-84,34,29,female,female,no,yes,native,undergrad,multiracial,0,jewish,democrat,0,35.83,23.33,72.33,21.83,28.96,29.17,41.67,29,38.17,32.88,distrust,37,35,55,20,60,3.33,45,26.67,80,70,10,30,0,0,60,70,40,5,40,0,0,60,0,0,80,65,70,25,65,35
LTCYwtjBg,SweetGazelle,Left,Before,-82,41,31,female,female,no,yes,native,postgrad,hispanic,0,none,independent,3,15,25.83,11,41.67,19.96,35,24.17,42.33,28.33,35.46,trust,42,10,30,20,81.67,0,46.67,8.67,90,85,0,70,0,0,80,60,5,0,1,20,45,40,25,10,25,30,30,40,55,20
LCChIJtdZ,VictoriousKoala,Left,Before,-80,26,60,male,male,no,no,native,highschool,white,0,none,independent,3,27.83,41.33,51.5,55.83,41.46,28.17,22.33,13.17,17.17,22.04,trust,50.2,30,24,6,47.67,36,38.67,29,40,63,37,40,32,39,32,40,30,44,27,30,56,68,43,32,67,24,57,44,69,42
LiJGEmKbF,KindheartedStingray,Left,Before,-83,43,75,male,male,no,no,native,undergrad,white,0,christian,republican,4,49.83,89.83,73.83,76.83,61.48,27.5,39.83,23.83,26.83,26.35,trust,48.6,62,14,48,7,45,56,2.33,21,0,52,0,30,53,78,6,1,84,0,6,57,51,49,85,84,36,42,74,45,61
LZpJmXfOI,EnthusiasticBee,Left,Before,-82,29,64,female,female,no,no,native,highschool,white,0,none,republican,5,41.5,68.33,88.17,82.5,64.71,16.5,26.67,38.17,32.5,32.04,distrust,26,70,10,60,10,50,41.67,0,30,0,50,0,50,50,75,50,0,0,0,0,80,80,80,75,50,30,52,20,25,79
LjsiDEImn,OptimisticQuoll,Left,Before,-78,40,37,female,female,no,no,native,somecollege,white,0,none,democrat,1,25.67,14.67,51,57.17,31.52,37.33,35.33,15,21.83,31.15,distrust,46.4,8,83,75,81,0,15.33,89.33,90,82,0,71,0,0,15,13,90,18,94,84,10,13,14,0,51,21,87,45,42,30
LBvKkhRlJ,CaringGecko,Left,Before,-115,36,55,male,male,no,no,native,NA,white,0,christian,democrat,2,54.17,37.5,50,63.33,40.83,17.5,25.83,0,13.33,21.46,trust,45,10,30,20,66.67,6.67,43.33,26.67,80,70,10,50,10,0,60,40,30,30,20,30,50,20,50,10,50,25,40,30,60,25
LLQEYFuKR,InsightfulHornet,Left,Before,-118,34,59,female,female,no,no,native,somecollege,white,0,christian,democrat,2,53.33,12.33,32.17,26.33,25.12,20.33,37.67,27.17,28.67,32.08,trust,60.8,23,70,47,69.33,11.67,41.67,54.67,69,81,10,58,15,10,58,42,54,25,56,54,32,28,39,16,41,65,59,54,76,45
LXXmkydGq,CleverJellyfish,Left,Before,-80,26,61,male,male,no,no,native,undergrad,white,0,christian,democrat,0,50,0,100,83.33,43.75,50,50,50,50,50,distrust,20,0,100,100,33.33,0,33.33,100,100,0,0,0,0,0,0,100,100,0,100,100,10,50,100,0,100,25,30,25,30,25
LlTonJcYQ,FaithfulRhinoceros,Left,Before,-80,37,67,female,female,no,yes,native,somecollege,white,0,christian,democrat,1,61.67,15.83,31.67,21.67,27.19,21.67,34.17,18.33,35,30.52,trust,54,10,60,50,23.33,6.67,3.33,56.67,40,20,10,10,10,0,0,10,70,0,50,50,20,50,20,25,60,10,40,30,60,50
LyElcXYNr,FearlessHippopotamus,Left,Before,-92,30,48,female,female,no,no,native,somecollege,white,0,christian,democrat,1,39.5,30.67,44.5,42.17,35.75,12.17,19.67,17.17,15.17,19.54,trust,67,7,74,67,68.33,0,0,73,78,56,0,71,0,0,0,0,73,0,76,70,23,51,36,19,42,41,51,31,39,40
LjVpvdmKg,ThrivingHorse,Left,Before,-97,33,38,male,male,no,no,native,undergrad,white,0,christian,independent,3,57.5,35,30,54.17,36.56,7.5,18.33,20,17.5,18.85,trust,45,0,55,55,81.67,0,1.67,71.67,90,100,0,55,0,0,5,0,75,0,80,60,40,55,50,45,15,30,45,60,50,55
LBepgBhJR,VirtuousMeerkat,Left,Before,-112,41,55,male,male,no,no,native,somecollege,white,0,christian,independent,3,53.67,84.5,42.5,91.33,65.56,26,34.5,8.17,42,28.19,trust,36,76,13,63,26.33,51,74.67,7,51,15,51,13,51,51,75,51,6,98,7,8,50,51,100,100,51,51,51,22,21,42
LNwkqmGPm,VividGiraffe,Left,Before,-81,42,46,female,female,no,yes,native,postgrad,white,0,none,democrat,0,28.33,35.5,37.83,5.83,22.5,21.67,17.5,15.17,44.17,28.62,trust,60.4,23,73,50,68.67,0,3.33,48.33,80,68,0,58,0,0,7,0,40,3,56,49,17,50,10,19,50,18,59,21,53,37
LeiGjKDus,AdmirableFlamingo,Left,Before,-87,39,21,female,female,no,no,native,NA,white,0,christian,democrat,1,41,34,18.17,25.83,30.19,9.67,16,31.83,26.83,21.6,trust,45.2,8,70,62,41.33,0,0,71.33,53,53,0,18,0,0,0,0,57,0,67,90,8,50,0,27,0,12,17,4,3,2
LpyOTvftT,BrilliantKookaburra,Left,Before,-78,34,39,female,female,no,no,native,somecollege,white,0,christian,independent,3,44.17,39.17,35.83,33.67,40.15,12.5,19.17,14.17,24.67,18.4,distrust,36.8,5,20,15,50,2.33,13.33,21.67,90,50,0,10,5,2,15,15,10,10,35,20,50,50,40,52,49,35,50,35,43,40
LxaptgYhF,WholesomeHummingbird,Left,Before,-116,44,42,female,female,no,no,native,undergrad,white,0,none,independent,3,3,32.67,0,65.5,25.15,47,28.33,50,42.17,42.69,trust,28.4,50,50,0,16.67,20.33,0,16.67,50,0,50,0,11,0,0,0,50,0,0,0,0,15,50,32,0,71,51,82,98,98
LfOtXlrSt,MajesticPlatypus,Left,Before,-118,34,22,male,male,no,no,native,highschool,asian,0,none,independent,3,37.5,50,83.33,100,67.6,45.83,50,50,50,49.06,distrust,9,70,0,70,0,0,66.67,0,0,0,0,0,0,0,100,100,0,0,0,0,50,50,50,50,50,0,35,0,20,25
LAfyFIhAT,UpbeatParrot,Left,Before,-77,39,33,female,female,no,yes,native,highschool,white,0,none,independent,3,51.5,34.83,25.67,14.67,26.73,17.17,21.83,34.67,35.33,33.77,trust,89.8,42,82,40,66.33,14,27.67,60.67,66,58,28,75,0,14,16,59,65,8,63,54,50,27,15,17,17,66,76,41,74,82
LyGrZyFkO,GenerousArmadillo,Left,Before,-118,34,66,female,female,no,no,good,postgrad,white,0,christian,independent,3,36.33,70.17,28.17,90,52.83,24.67,23.83,22.17,40,28.38,distrust,39.4,70,40,30,13.33,31,48.33,26,11,8,39,21,50,4,81,61,38,3,12,28,70,51,91,68,51,18,60,22,62,15
LvFmOFktq,CompassionateGopher,Left,Before,-120,37,42,male,male,no,no,native,undergrad,white,0,none,democrat,1,51.67,3.33,17.5,8.67,17.58,18,46.67,34.5,41.33,38.58,trust,54.6,0,67,67,64,0,0,14,66,100,0,26,0,0,0,0,21,0,15,6,20,47,29,19,24,41,39,17,40,24
LdGpbosat,MerryToucan,Left,Before,-86,34,32,female,female,no,no,native,NA,white,0,christian,independent,3,36.83,62.17,60.83,70,51.27,13.17,12.17,10.83,30,20.81,distrust,19.8,50,50,0,1.67,7,10,0,5,0,14,0,0,7,25,0,0,5,0,0,50,50,50,50,73,30,60,25,37,55
LJyjNrTlD,GentleCrow,Left,Before,-97,33,28,female,nbqueer,no,yes,native,undergrad,white,0,none,independent,3,25.83,20.67,1.67,4.17,14.69,24.17,31,48.33,45.83,35.52,distrust,36,10,40,30,78.33,0,36.67,40,100,70,0,65,0,0,60,40,50,10,30,40,22,75,0,0,0,15,0,0,0,0
LLRMRaJcN,LightheartedWoodpecker,Left,Before,-71,42,72,female,female,no,no,native,somecollege,white,0,christian,independent,3,53.17,72.33,84.33,86.17,66.69,31.83,27.33,34.33,36.17,30.48,distrust,48,90,18,72,0,96.67,95,1.33,0,0,95,0,95,100,95,95,0,95,1,3,75,90,87,85,95,30,40,30,25,9
LapUFrekf,MagnificentPig,Left,Before,-122,38,65,male,male,no,yes,native,NA,white,0,none,democrat,0,53.5,27.33,47.5,16.67,31.94,4.83,31.33,21.17,33.33,24.31,trust,75,30,80,50,64.67,33,13,75,80,54,40,60,32,27,16,15,70,8,80,75,21,26,12,26,50,37,62,41,81,43
LxGkigkNf,DependableWalrus,Left,Before,-121,38,23,male,male,no,no,native,undergrad,black,0,christian,democrat,2,27.83,12.17,30.5,34,28.58,22.83,38.17,19.83,29.67,24.58,distrust,47.4,0,43,43,61.67,0,0,13,59,71,0,55,0,0,0,0,0,0,31,8,10,6,9,0,2,43,37,51,24,27
LHATOEOwt,YouthfulPeacock,Left,Before,-121,39,38,male,male,no,no,native,undergrad,white,0,none,independent,3,34.17,30,40,20,25.73,15.83,21.67,11.67,30,24.69,trust,63,20,75,55,48.33,0,1.67,56.67,60,50,0,35,0,0,5,0,55,0,60,55,50,50,45,45,50,30,60,40,60,50
LzgvGPwPW,StrongDog,Left,Before,-80,36,59,female,female,no,no,native,undergrad,black,0,other,independent,3,76.83,50.83,54.83,49.5,48.9,28.83,2.17,4.83,34.17,25.06,distrust,31.2,50,50,0,0.67,33.33,0,0,2,0,50,0,50,0,0,0,0,0,0,0,50,63,50,50,50,25,26,16,49,60
LmLWdCmsi,CalmUnicorn,Left,Before,-98,33,47,female,female,no,no,native,undergrad,white,0,christian,republican,6,71.67,93.5,81.67,86.67,73.54,45,43.5,48.33,46.67,42.79,distrust,34,100,5,95,0,100,100,0,0,0,100,0,100,100,100,100,0,100,0,0,90,80,60,5,60,60,60,20,20,40
LxbSAxgVY,GracefulPorcupine,Left,Before,-74,40,63,female,female,no,no,native,NA,white,0,christian,republican,5,52,48.5,49.17,45,47.75,15.33,10.17,10.83,38.33,27.96,distrust,0,80,0,80,0,50,49.67,0,0,0,0,0,100,50,79,0,0,70,0,0,50,50,50,50,50,10,70,30,49,41
LQorWymOo,LoyalMonkey,Left,Before,-75,41,50,female,female,no,no,native,undergrad,white,0,christian,republican,4,64.67,67.67,42.33,59.17,52.69,19.67,28.33,26.67,18.5,29.15,distrust,33.2,48,48,0,72.67,19,25.33,40.33,71,73,40,74,4,13,26,25,48,25,46,27,52,90,49,49,51,51,71,9,10,11
LmohptYjX,ImaginativeWolverine,Left,Before,-93,45,65,female,female,no,no,native,NA,white,0,christian,democrat,1,41.17,29.83,72.17,26.5,39.25,8.83,23.17,22.17,23.5,25,trust,94,81,99,18,14.33,62.67,0,100,10,13,80,20,54,54,0,0,100,0,100,100,15,46,4,10,27,68,73,22,24,63
LLRbHXApA,DynamicSparrow,Left,Before,-107,35,32,male,male,no,no,native,NA,multiracial,0,other,independent,3,45,25.83,41.67,63.33,35.29,15,24.17,8.33,13.33,23.46,distrust,13,0,35,35,53.33,0,23.33,10.67,90,70,0,0,0,0,60,10,20,0,10,2,30,24,25,13,25,40,29,50,50,50
LZropcRFA,HopefulBoa,Left,Before,-92,35,54,female,female,no,no,native,NA,white,0,christian,independent,3,10,88.33,91.67,85,65.52,40,45,41.67,41.67,38.44,distrust,2,20,0,20,1.67,0,66.67,0,0,5,0,0,0,0,100,100,0,0,0,0,90,50,100,100,100,10,30,15,30,20
LDiJWJnMH,AmazingIbis,Left,Before,-81,29,NA,male,male,no,no,native,postgrad,NA,0,NA,democrat,2,55,55.17,49.17,50.17,48.62,10,15.17,7.83,21.83,14.42,distrust,55.4,51,76,25,33.33,34.67,4.33,36.33,38,51,51,11,43,10,5,0,47,8,52,10,64,51,51,51,51,56,35,45,55,26
LabjVdrvp,SmilingWhale,Left,Before,-112,42,56,male,male,no,no,native,NA,white,0,none,republican,5,61.83,16.5,49,36.33,40.71,17.17,33.5,10.33,18.33,20.83,distrust,35,71,26,45,6,65.33,29,10,14,0,70,4,67,59,60,0,30,27,0,0,74,65,40,8,57,23,63,15,25,25
LKEkJstrJ,YearningHare,Left,Before,-122,48,30,male,male,no,yes,native,postgrad,white,0,none,independent,3,38.33,13.33,66.67,40,39.27,21.67,36.67,16.67,23.33,25.94,distrust,31,40,40,0,36.67,3.33,30,0,20,50,10,40,0,0,40,40,0,10,0,0,50,50,20,20,60,30,50,10,30,10
LwUIOMvNp,CheerfulJackal,Left,Before,-123,49,61,female,female,no,no,native,postgrad,white,0,christian,independent,3,57.5,38.67,75,60.5,49.96,9.5,24.67,25,22.83,20.62,trust,53.6,57,40,17,1.33,52,5.33,0,3,1,54,0,51,51,10,1,0,5,0,0,51,53,51,67,91,47,46,29,65,56
LbWXQecJa,EmpatheticDragonfly,Left,Before,-86,43,77,female,female,no,no,native,postgrad,white,0,christian,democrat,0,74.83,33.5,35,16.5,36.71,24.83,26.5,18.33,33.5,29.21,trust,68.8,9,94,85,96.67,3.33,0,97,100,100,2,90,0,8,0,0,97,0,96,98,30,30,30,46,61,24,51,9,41,21
LYerFePTo,BeneficialMacaw,Left,Before,-80,36,29,male,male,no,no,native,undergrad,white,0,none,independent,3,24.17,1.67,12.5,20.83,12.29,32.5,48.33,37.5,40.83,42.92,distrust,39.8,0,60,60,75,0,10,41.67,100,65,0,60,0,0,30,0,40,0,65,20,0,30,0,0,20,15,40,30,30,10
LnFsbltvX,CapableCobra,Left,Before,-135,58,22,female,female,no,yes,native,undergrad,white,0,christian,independent,3,34.33,23.67,20.5,8.67,20.56,22.33,34,29.5,41.33,31.23,trust,54.4,19,42,23,72.33,8.33,12,31,70,85,4,62,21,0,30,6,10,0,50,33,20,50,18,2,5,18,60,16,40,27
LfHkscoRu,ArtisticFinch,Left,Before,-81,36,56,female,female,no,no,native,postgrad,white,0,christian,democrat,0,41.5,22.17,42.17,28,28.81,18.5,32.83,12.83,22,26.1,trust,74.6,28,73,45,65,16.67,10.67,65,71,62,19,62,20,11,12,10,67,10,65,63,20,51,20,28,40,60,51,29,23,32
LtmNWsspQ,EnergeticDragon,Left,Before,-118,34,36,male,male,no,no,native,undergrad,white,0,NA,democrat,2,44.5,33.83,42.5,41.17,38.69,5.5,16.17,7.5,11.83,14.6,NA,52,30,55,25,23.33,6.67,1.67,15,50,10,20,10,0,0,0,5,40,0,5,0,40,60,50,35,40,20,65,50,30,30
LbjPXrCkx,ConsiderateButterfly,Left,Before,-92,35,20,male,male,no,no,native,NA,black,0,none,democrat,2,30,17.5,40.83,75.83,36.98,36.67,32.5,19.17,35.83,30.73,distrust,18,20,50,30,10,0,20,0,0,30,0,0,0,0,0,60,0,0,0,0,55,30,55,30,20,20,60,35,50,25
LLFYLEmff,TrustworthyAlligator,Left,Before,-115,36,56,female,female,no,no,native,undergrad,white,0,jewish,republican,6,42,66.17,90.33,83.33,69.81,17.67,32.83,40.33,43.33,35.44,distrust,10.4,100,0,100,0,100,73.33,0,0,0,100,0,100,100,60,60,0,100,0,0,100,100,100,100,100,90,90,0,71,96
LaOzQWtHk,CreativeTiger,Left,Before,-77,40,55,female,female,no,no,native,NA,white,0,christian,republican,5,43.67,47.33,68.67,88.67,59.52,16.67,13.33,18.67,38.67,25.27,trust,50.4,81,65,16,17,57.67,56.67,8,10,35,55,6,65,53,80,38,12,52,4,8,75,60,70,57,65,70,28,18,42,55
LNZUzFmIE,AffectionateWolf,Left,Before,-123,46,37,male,male,no,no,native,NA,multiracial,0,none,democrat,1,54.17,45,16.67,30.83,27.6,35.83,31.67,33.33,37.5,38.02,distrust,55,0,40,40,50,0,8.33,0,20,80,0,50,0,0,10,10,0,5,0,0,15,0,10,45,25,15,25,10,30,5
LrHDFWwmc,EloquentOrangutan,Left,Before,-77,39,19,female,male,yes,yes,native,NA,white,0,none,independent,3,21,30.33,15.5,2.5,19.06,29,25.67,45.5,47.5,34.31,distrust,38.4,48,49,1,53,0,35,0,61,54,0,44,0,0,53,52,0,0,0,0,0,30,0,0,0,42,40,37,60,53
LEPaiUTuc,WarmTurkey,Left,Before,-122,48,49,male,male,no,no,native,undergrad,white,0,christian,republican,4,87.83,86.33,37.83,96.17,71.46,37.83,36.33,17.17,46.17,32.79,distrust,33.6,85,15,70,0,62.33,20,3.33,0,0,80,0,51,56,10,50,10,0,0,0,60,70,100,51,70,38,80,60,59,51
LgBJrDnRr,ComposedDolphin,Left,Before,-115,36,21,female,female,no,no,native,NA,multiracial,0,none,independent,3,20.67,14.67,41.67,40.67,23.56,29.33,35.33,8.33,14.67,28.9,NA,30.8,50,50,0,0,0,0,0,0,0,0,0,0,0,0,0,0,0,0,0,50,50,50,50,50,50,50,50,50,50
LbxncFhpF,OriginalEchidna,Left,Before,-97,35,48,male,male,no,no,native,postgrad,asian,0,muslim,democrat,1,48.5,8.33,0.17,53,26.29,31.83,41.67,49.83,36,38.58,distrust,28,0,100,100,43.33,0.33,0,99.33,50,0,0,80,0,1,0,0,98,0,100,100,18,50,50,100,100,27,1,1,0,1
LnoyrTzrd,JoyfulNewt,Left,Before,-98,30,30,male,male,no,no,native,highschool,hispanic,0,christian,democrat,2,26,29.83,21.17,92.33,43.08,33,20.17,29.17,42.33,32.62,distrust,12.4,26,36,10,5.33,4,3.67,6.33,8,8,0,0,0,12,0,11,0,0,2,17,28,50,76,14,35,0,9,0,0,21
LnzUOcKMw,HarmoniousCat,Left,Before,-79,43,64,female,female,no,no,native,highschool,white,0,christian,democrat,2,54.33,56,47.33,30,44.73,12.67,11,2.67,20,19.56,trust,70,100,100,0,1.67,33.33,0,56.67,5,0,50,0,45,5,0,0,55,0,60,55,30,40,0,80,50,5,50,0,0,50
LWDdYGhrt,MarvelousChimpanzee,Left,Before,-83,30,46,female,female,no,no,native,highschool,white,0,none,republican,6,36.83,52.67,54.17,57.83,48.58,16.5,24.33,5.83,21.17,19.83,distrust,36.4,91,55,36,3.67,81.67,20.33,51.33,3,6,78,2,80,87,41,15,51,5,51,52,76,61,59,54,60,78,49,58,51,52
LqRazHZcr,IdealEel,Left,Before,-84,34,43,female,female,no,no,native,somecollege,white,0,NA,independent,3,45.67,19.33,10.33,5.83,17.29,9.67,34.33,39.67,44.17,33.83,distrust,39.8,9,100,91,56.67,0,0,53.33,70,70,0,30,0,0,0,0,50,0,60,50,19,50,0,10,20,40,50,40,30,20
LhSqyIwZi,NeatChicken,Left,Before,-80,26,35,female,female,no,yes,native,NA,white,0,other,independent,3,36.17,36.5,50,58.33,42.58,13.83,13.5,0,8.33,11.38,NA,50,50,50,0,50,50,50,50,50,50,50,50,50,50,50,50,50,50,50,50,50,50,50,50,50,50,30,30,30,30
LWnuENIED,WiseKingfisher,Left,Before,-69,47,18,male,male,no,no,native,highschool,white,0,christian,republican,5,47.5,55,66.67,97.5,65.33,9.17,10,16.67,47.5,22.42,trust,37,60,40,20,1.67,63.33,26.67,1.67,5,0,50,0,70,70,60,10,0,10,5,0,75,50,90,75,75,23,70,10,20,20
LRrsRqdUz,ExcitingTurtle,Left,Before,-81,29,66,female,female,no,no,native,somecollege,white,0,christian,independent,3,58.5,18.33,37.17,52,41.1,21.83,31.67,32.83,32.67,30.15,distrust,65.8,11,81,70,44,4,1.33,83,80,52,3,0,4,5,4,0,82,0,86,81,19,51,16,13,50,71,74,60,77,53
Lpzccbjat,SupportiveHeron,Left,Before,-87,40,39,female,female,no,no,native,highschool,white,0,christian,republican,6,8.33,76.67,53.33,91.67,61.04,41.67,30,3.33,41.67,36.04,distrust,30.2,100,0,100,0,38.33,10,0,0,0,40,0,35,40,0,30,0,0,0,0,100,50,100,50,50,20,50,30,40,20
LVQepDJIr,GenuineIguana,Left,Before,-87,40,55,female,female,no,no,native,somecollege,white,0,none,democrat,1,41,55.83,49.83,55,44.65,22.33,12.5,3.83,21.67,23.48,distrust,56,15,80,65,60.33,2.33,25.33,56.67,95,85,5,1,1,1,50,25,60,1,55,55,20,50,80,60,50,60,50,40,50,60
LKkkDmpND,MotivatedBandicoot,Left,Before,-87,36,53,female,female,no,no,native,somecollege,white,0,none,independent,3,40.5,39,52.33,59.17,42.54,16.17,14.33,6,15.83,16.42,trust,55,50,52,2,52,42.67,43.33,50,51,50,40,55,39,49,45,45,51,40,50,49,47,51,40,40,60,40,70,25,30,51
LDxtaDEKz,LavishPenguin,Left,Before,-86,43,39,female,female,no,no,native,NA,white,0,none,independent,3,53.67,72.17,61.83,57.67,50.04,13.67,22.17,12.17,18.67,22.83,distrust,9,25,25,0,48,48,47.67,47,47,48,47,49,48,49,48,48,47,47,47,47,50,41,61,66,50,18,50,18,15,39
LUdcJiGfu,GloriousJaguar,Left,Before,-83,40,35,female,female,no,yes,native,undergrad,white,0,christian,independent,3,39.33,21.67,8.83,13.67,25.29,13.67,28.33,41.17,36.33,26.62,distrust,38.6,12,46,34,71.67,23,46,43.67,72,79,28,64,18,23,52,48,45,38,39,47,9,48,4,7,6,30,58,29,54,29
LLketqeRT,ConfidentPanther,Left,Before,-70,44,61,female,female,no,no,native,postgrad,white,0,none,democrat,1,52.67,3.33,30.83,22.67,20.75,26,46.67,25.83,35.67,34.71,trust,73.2,40,90,50,73.33,23.33,0,87,70,60,40,90,20,10,0,0,81,0,90,90,20,10,20,0,40,20,70,40,80,30
LxiwGFCNW,ReliableOctopus,Left,Before,-90,37,67,female,female,no,no,native,somecollege,white,0,christian,independent,3,48.33,45.5,53.33,46.67,47.81,7.33,5.5,7.33,6.67,9.19,distrust,40.6,30,40,10,48.67,36.67,32,42.33,59,48,30,39,40,40,32,33,50,31,37,40,50,51,50,51,51,50,51,51,51,45
LMbpVZmpx,UnderstandingPossum,Left,Before,-120,40,60,male,male,no,no,native,NA,white,0,other,NA,NA,20,11.67,5,40.83,13.12,36.67,38.33,45,29.17,40.21,distrust,25.4,0,70,70,96.67,0,18.33,66.67,100,100,0,90,0,0,35,15,65,5,70,65,0,50,0,0,0,5,50,10,35,20
LVQLTEgNd,QualifiedFrog,Left,Before,-72,42,31,male,male,no,no,native,undergrad,white,0,none,democrat,1,34.33,2.17,6.5,1,7.35,28,47.83,43.5,49,44.19,trust,73.8,8,84,76,66.33,7.67,6.33,83.67,90,95,10,14,5,8,7,9,82,3,89,80,0,15,0,0,0,78,35,62,85,40
LbceCmLrX,ThoughtfulCricket,Left,Before,-88,42,41,female,female,no,yes,native,highschool,white,0,none,independent,3,17,59.17,24.33,93.33,52.94,33,14.17,27.67,43.33,32.19,distrust,7,40,0,40,0,3.33,90,0,0,0,10,0,0,0,100,100,0,70,0,0,50,80,70,50,50,20,60,30,55,40
LpqRCubqp,SereneHyena,Left,Before,-118,34,66,male,male,no,no,native,postgrad,white,0,christian,democrat,2,64,11.5,24.83,33.33,27.21,26.33,41.83,31.83,30,35.12,trust,76,20,80,60,68.33,10,11.67,66.67,80,80,20,45,5,5,20,15,70,0,70,60,35,51,19,20,10,51,51,60,70,70
LOraSucAr,ZenBat,Left,Before,-88,42,45,male,male,no,yes,native,highschool,white,0,other,republican,6,65.83,35.83,31.67,76.67,48.65,24.17,24.17,26.67,26.67,30.31,distrust,61,90,20,70,5,86.67,33.33,11.67,10,5,85,0,95,80,60,40,30,0,5,0,95,25,75,20,100,55,55,30,90,0
LnFkQuPPx,SunnySalamander,Left,Before,-97,33,55,male,male,no,yes,native,postgrad,white,0,christian,democrat,0,45.5,13,16.17,1,16.38,24.83,37,34.17,49,38.25,trust,77,15,90,75,41,16,0,96.67,60,49,10,14,9,29,0,0,90,0,100,100,39,50,0,3,25,40,60,83,80,46
LxlKvESKz,EsteemedSquirrel,Left,Before,-74,41,65,male,male,no,no,native,NA,white,0,none,independent,3,58,21.67,44.67,37,33.56,16,42.33,24.67,20.33,30.44,trust,73.2,30,77,47,42.67,7,0,77,68,51,9,9,10,2,0,0,72,0,79,80,42,41,24,25,39,31,57,34,72,75
LbDCuvuCS,AmiableTortoise,Left,Before,-93,38,23,female,female,no,no,native,undergrad,white,0,christian,republican,4,43,41.17,46,47.5,46.77,7,9.5,5.67,10.83,8.73,trust,53,50,50,0,48.33,40,41.67,45,55,45,40,45,40,40,40,45,45,40,45,45,55,45,55,40,50,60,55,45,55,55
LtuCLppNk,EncouragingLadybug,Left,Before,-118,34,23,female,female,no,no,native,undergrad,asian,0,NA,independent,3,17.5,32,27.83,18.33,25.42,32.5,22.33,30.83,31.67,28.04,distrust,38.6,7,36,29,21.67,4.33,0,17,28,27,12,10,1,0,0,0,22,0,11,18,25,50,15,21,24,32,21,43,65,61
LjVJekdqI,FantasticPython,Left,Before,-122,37,29,male,male,no,no,native,undergrad,asian,0,none,democrat,2,42.83,8.33,27,69.83,27.79,27.83,41.67,38,39.17,36.58,distrust,8.8,0,38,38,100,0,29.33,26,100,100,0,100,0,0,45,41,35,2,43,0,40,38,37,25,50,34,60,41,82,35
LTyLdxhEH,InnovativeOcelot,Left,Before,-119,35,59,female,female,no,no,native,NA,white,0,christian,independent,3,34,35.33,17.5,68.17,38.4,20.67,15.33,32.5,27.17,24.65,trust,29,14,20,6,45,11.33,45.33,15,62,53,13,20,12,9,61,55,20,20,12,13,7,51,19,43,28,27,86,20,61,32
Lsplfbhpd,BenevolentKangaroo,Left,Before,-76,37,66,female,female,no,no,native,somecollege,white,0,other,republican,5,35.17,56.67,68.67,80.17,63.5,18.17,7,18.67,30.17,20.25,distrust,47,51,51,0,0,99,38.33,33,0,0,100,0,100,97,36,36,25,43,37,37,83,51,51,51,51,57,38,39,29,29
LPZjPqHNL,ValorousMoose,Left,Before,-81,28,35,male,male,no,no,native,highschool,white,0,christian,independent,3,26.83,43.17,50,83.33,45.19,23.17,34.17,0,50,35.15,distrust,15.8,0,0,0,33.33,0,33.33,0,50,50,0,0,0,0,50,50,0,0,0,0,50,50,50,50,50,18,7,15,19,10
LvMVsdfND,ForgivingImpala,Left,Before,-82,28,45,male,male,no,no,native,undergrad,black,0,christian,independent,3,57.5,48,57.67,72.5,55.06,7.5,8.33,14.67,27.5,17.52,distrust,32.4,53,48,5,51.33,43,45.33,51.33,57,51,48,46,52,29,59,36,51,41,52,51,46,70,51,58,44,30,16,4,72,77
LMjIGUHQH,CaptivatingGoat,Left,Before,-78,42,35,male,male,no,no,native,undergrad,white,0,christian,republican,4,13.33,32.5,38.33,83.33,40.52,36.67,42.5,21.67,33.33,32.81,distrust,30,60,10,50,28.33,33.33,65,0,50,35,0,0,50,50,65,60,0,70,0,0,70,50,80,65,50,50,40,20,35,30
LiXWkrhuM,NotableEmu,Left,Before,-122,38,39,male,male,no,yes,native,NA,asian,0,none,independent,3,52,52.33,68,36.83,39.44,27.67,21,24.67,19.5,25.31,trust,64.8,34,90,56,51.33,2.33,1.33,81.67,47,56,4,51,3,0,0,0,88,4,88,69,40,23,38,22,30,57,40,37,41,46
