UserName,Condition,TotalRepliesReceived,LeftReceived,RightReceived,PropRightReceived,PropRightVsLeftReceived,PropFriendlyReceived,PropLeftReceived,NeutralReceived,DissentingLeftReceived,DissentingRightReceived,PropDissentingRightReceived,SupportingLeftReceived,SupportingRightReceived,PropSupportingRightReceived,TotalFavouritesReceived
AdaptablePorcupine,Right,14,0,7,-7,7,-14,-14,0,0,7,7,0,0,0,4
Admin,Control,3,0,0,-3,0,-1,-3,0,0,0,0,0,0,0,2
Admin,Left,17,0,0,-17,0,-17,-17,0,0,0,0,0,0,0,20
Admin,Right,6,0,1,-5,1,-6,-6,0,0,0,0,0,0,0,3
AdmirableFlamingo,Left,33,5,9,-24,4,-26,-28,0,0,5,5,4,2,-2,11
AffectionateFinch,Control,12,11,1,-11,-10,-12,-1,0,1,0,-1,6,0,-6,7
AffectionateWhale,Right,32,16,6,-26,-10,-32,-16,8,0,5,5,16,1,-15,4
AffectionateWolf,Left,25,1,1,-24,0,-22,-24,7,1,0,-1,0,1,1,23
AmazingHorse,Right,8,3,3,-5,0,-8,-5,2,1,0,-1,2,3,1,2
AmazingIbis,Left,16,8,5,-11,-3,-16,-8,0,0,3,3,5,0,-5,2
AmbitiousManatee,Left,30,8,10,-20,2,-28,-22,1,1,1,0,7,9,2,22
AmiableCat,Control,33,12,8,-25,-4,-33,-21,6,0,5,5,12,0,-12,11
ArtisticButterfly,Right,36,17,11,-25,-6,-36,-19,8,14,0,-14,3,11,8,6
ArtisticFinch,Left,3,0,1,-2,1,-3,-3,0,0,0,0,0,0,0,1
AwesomeCricket,Control,31,5,8,-23,3,-30,-26,8,0,7,7,5,0,-5,17
AwesomeDhole,Right,8,3,1,-7,-2,-8,-5,3,0,0,0,3,1,-2,2
BalancedQuoll,Control,11,3,2,-9,-1,-11,-8,4,3,1,-2,0,1,1,0
BalancedRidgeback,Right,19,7,2,-17,-5,-19,-12,6,0,0,0,7,0,-7,9
BeneficialCrayfish,Control,32,8,5,-27,-3,-30,-24,2,1,1,0,7,4,-3,21
BeneficialMacaw,Left,43,19,12,-31,-7,-42,-24,6,5,9,4,13,3,-10,6
BenevolentKangaroo,Left,37,7,12,-25,5,-36,-30,16,0,2,2,3,3,0,15
BenevolentWhale,Control,19,4,4,-15,0,-18,-15,6,0,3,3,4,0,-4,4
BlissfulDog,Control,39,7,7,-32,0,-38,-32,9,2,3,1,2,0,-2,7
BlissfulGorilla,Right,17,0,4,-13,4,-17,-17,1,0,1,1,0,1,1,3
BraveGazelle,Right,7,1,5,-2,4,-7,-6,1,1,0,-1,0,5,5,0
BrightCamel,Left,21,11,3,-18,-8,-21,-10,5,0,0,0,7,1,-6,3
BrightKiwi,Control,27,5,1,-26,-4,-22,-22,3,0,1,1,3,0,-3,9
BrightNewt,Right,41,16,6,-35,-10,-41,-25,5,9,0,-9,7,5,-2,14
BrilliantKookaburra,Left,4,0,3,-1,3,-4,-4,0,0,2,2,0,1,1,1
BrilliantMeerkat,Control,16,9,3,-13,-6,-15,-7,0,1,1,0,4,2,-2,9
BrilliantOwl,Right,11,2,1,-10,-1,-11,-9,2,0,0,0,2,0,-2,2
BubblyDog,Right,21,10,2,-19,-8,-17,-11,0,6,0,-6,4,2,-2,9
BubblyNightingale,Control,1,0,0,-1,0,0,-1,0,0,0,0,0,0,0,0
CalmLynx,Right,9,2,4,-5,2,-9,-7,1,0,3,3,2,0,-2,10
CapableCobra,Left,26,12,2,-24,-10,-26,-14,2,1,0,-1,0,0,0,13
CapableWildebeest,Control,32,7,1,-31,-6,-19,-25,6,0,1,1,6,0,-6,23
CaptivatingGoat,Left,45,15,6,-39,-9,-36,-30,2,10,0,-10,3,5,2,23
CarefreeDragon,Right,9,3,0,-9,-3,-6,-6,0,0,0,0,1,0,-1,9
CarefreeJackal,Control,1,1,0,-1,-1,-1,0,0,1,0,-1,0,0,0,0
CaringGecko,Left,129,11,23,-106,12,-50,-118,4,3,4,1,5,14,9,28
CharismaticCamel,Right,14,3,10,-4,7,-14,-11,1,0,0,0,1,1,0,7
CharitableGibbon,Control,38,9,9,-29,0,-38,-29,10,3,4,1,4,4,0,9
CharitableGoat,Right,12,8,4,-8,-4,-12,-4,0,0,3,3,8,0,-8,2
CheerfulElephant,Control,37,19,3,-34,-16,-27,-18,1,0,3,3,19,0,-19,25
CheerfulJackal,Left,15,7,4,-11,-3,-15,-8,3,1,1,0,6,3,-3,4
CheerfulQuokka,Right,5,0,0,-5,0,-4,-5,0,0,0,0,0,0,0,0
CleverHawk,Control,26,4,6,-20,2,-25,-22,1,0,0,0,4,3,-1,5
CleverJellyfish,Left,10,1,6,-4,5,-10,-9,1,0,1,1,1,5,4,2
CleverPelican,Right,14,6,7,-7,1,-14,-8,1,6,0,-6,0,7,7,2
CompassionateGazelle,Control,21,10,4,-17,-6,-19,-11,2,0,0,0,8,0,-8,2
CompassionateGopher,Left,12,5,1,-11,-4,-12,-7,4,1,1,0,2,0,-2,9
CompassionateHippopotamus,Right,4,2,1,-3,-1,-4,-2,0,0,1,1,2,0,-2,0
ComposedDolphin,Left,7,5,1,-6,-4,-7,-2,0,0,0,0,5,1,-4,7
ComposedPheasant,Control,6,4,1,-5,-3,-6,-2,0,0,1,1,3,0,-3,3
ConfidentPanther,Left,65,14,8,-57,-6,-53,-51,13,1,5,4,11,2,-9,59
ConfidentWildebeest,Right,35,7,17,-18,10,-34,-28,3,3,6,3,4,10,6,17
ConsiderateYabby,Control,2,1,0,-2,-1,-1,-1,0,0,0,0,0,0,0,1
CooperativeTurtle,Right,17,12,4,-13,-8,-17,-5,1,3,1,-2,9,3,-6,4
CourageousBilby,Right,11,7,3,-8,-4,-11,-4,0,4,1,-3,0,2,2,6
CourageousPorpoise,Left,10,9,0,-10,-9,-10,-1,0,0,0,0,7,0,-7,7
CourageousWolverine,Control,4,0,0,-4,0,-4,-4,0,0,0,0,0,0,0,2
CourteousAntelope,Left,23,6,3,-20,-3,-22,-17,5,1,0,-1,0,1,1,5
CourteousWombat,Right,17,8,6,-11,-2,-17,-9,3,2,1,-1,6,5,-1,8
CreativePossum,Right,7,2,2,-5,0,-7,-5,3,0,1,1,2,1,-1,2
CreativeTiger,Left,21,5,11,-10,6,-20,-16,4,1,2,1,1,6,5,20
DaringBandicoot,Control,23,9,7,-16,-2,-20,-14,1,5,0,-5,4,7,3,3
DaringKookaburra,Right,37,25,4,-33,-21,-37,-12,3,7,2,-5,7,0,-7,15
DazzlingLamb,Left,16,2,6,-10,4,-12,-14,3,2,2,0,0,4,4,0
DazzlingManatee,Right,17,8,6,-11,-2,-17,-9,2,6,1,-5,2,5,3,5
DelightfulEgret,Left,30,19,4,-26,-15,-27,-11,4,1,2,1,17,2,-15,21
DependableDingo,Right,2,1,1,-1,0,-2,-1,0,1,0,-1,0,1,1,0
DependableParrot,Control,13,2,1,-12,-1,-13,-11,4,1,0,-1,1,1,0,12
DependableWalrus,Left,8,4,2,-6,-2,-8,-4,2,0,2,2,4,0,-4,4
DeterminedSeahorse,Left,32,14,12,-20,-2,-30,-18,3,0,0,0,2,1,-1,7
DeterminedYabby,Right,14,10,1,-13,-9,-14,-4,2,0,0,0,8,0,-8,7
DevotedDolphin,Right,22,8,4,-18,-4,-22,-14,7,1,1,0,6,1,-5,6
DevotedNightingale,Left,62,45,11,-51,-34,-62,-17,5,0,11,11,45,0,-45,22
DiligentEgret,Right,46,19,14,-32,-5,-46,-27,12,8,3,-5,9,11,2,40
DiligentGiraffe,Control,28,15,4,-24,-11,-28,-13,6,14,2,-12,0,2,2,3
DiligentKiwi,Left,16,4,2,-14,-2,-16,-12,1,3,0,-3,1,2,1,7
DynamicPython,Control,8,1,1,-7,0,-8,-7,2,0,1,1,1,0,-1,0
DynamicSparrow,Left,6,1,1,-5,0,-6,-5,2,0,0,0,1,0,-1,1
EagerLamb,Right,34,13,11,-23,-2,-33,-21,1,1,3,2,12,8,-4,6
EagerPelican,Control,4,0,1,-3,1,-4,-4,1,0,0,0,0,1,1,1
EagerYak,Left,47,34,8,-39,-26,-47,-13,3,0,8,8,34,0,-34,10
EloquentBumblebee,Right,32,6,7,-25,1,-30,-26,2,0,2,2,5,5,0,21
EloquentOrangutan,Left,2,1,0,-2,-1,-2,-1,1,0,0,0,1,0,-1,0
EmpatheticDragonfly,Left,12,5,3,-9,-2,-12,-7,1,1,1,0,4,2,-2,1
EmpatheticWalrus,Right,9,0,1,-8,1,-9,-9,0,0,0,0,0,0,0,2
EnchantingHawk,Right,9,3,4,-5,1,-9,-6,1,3,1,-2,0,3,3,1
EnchantingTiger,Control,23,11,3,-20,-8,-20,-12,4,0,2,2,11,1,-10,21
EncouragingLadybug,Left,33,6,4,-29,-2,-33,-27,2,0,3,3,6,0,-6,15
EncouragingTrout,Control,92,27,32,-60,5,-85,-65,12,1,4,3,6,8,2,79
EnergeticDragon,Left,10,6,2,-8,-4,-10,-4,1,0,0,0,1,0,-1,5
EnergeticStingray,Control,3,3,0,-3,-3,-3,0,0,0,0,0,0,0,0,0
EnthusiasticBee,Left,24,6,3,-21,-3,-16,-18,3,1,0,-1,1,1,0,15
EnthusiasticPeacock,Control,8,1,1,-7,0,-3,-7,0,1,0,-1,0,1,1,1
EsteemedNumbat,Right,49,22,6,-43,-16,-49,-27,4,1,2,1,18,2,-16,21
EsteemedSquirrel,Left,17,6,3,-14,-3,-17,-11,3,0,2,2,6,1,-5,13
ExcellentMagpie,Left,2,2,0,-2,-2,-2,0,0,0,0,0,2,0,-2,1
ExcellentMantis,Right,16,2,6,-10,4,-16,-14,8,0,1,1,0,1,1,8
ExceptionalBumblebee,Control,11,5,1,-10,-4,-10,-6,1,0,0,0,5,0,-5,5
ExcitingHippopotamus,Control,18,11,1,-17,-10,-15,-7,2,1,1,0,9,0,-9,12
ExcitingTurtle,Left,99,31,14,-85,-17,-83,-68,14,3,1,-2,27,11,-16,126
ExuberantDuck,Left,61,29,24,-37,-5,-61,-32,3,0,24,24,29,0,-29,18
FabulousTortoise,Control,9,6,3,-6,-3,-9,-3,0,6,0,-6,0,3,3,6
FaithfulRhinoceros,Left,31,8,4,-27,-4,-30,-23,11,0,4,4,7,0,-7,10
FantasticPython,Left,26,5,3,-23,-2,-20,-21,1,2,1,-1,3,2,-1,7
FantasticSeahorse,Control,2,0,0,-2,0,-2,-2,1,0,0,0,0,0,0,0
FearlessHippopotamus,Left,2,2,0,-2,-2,-2,0,0,0,0,0,2,0,-2,0
FearlessRooster,Control,5,2,1,-4,-1,-4,-3,1,0,0,0,0,0,0,0
FlexiblePig,Right,30,18,2,-28,-16,-30,-12,3,18,0,-18,0,2,2,10
FlexiblePuffin,Control,24,12,11,-13,-1,-24,-12,1,0,8,8,10,2,-8,7
FlourishingCondor,Control,14,3,3,-11,0,-13,-11,1,0,0,0,1,0,-1,11
FlourishingMagpie,Right,3,0,2,-1,2,-3,-3,0,0,2,2,0,0,0,1
ForgivingImpala,Left,3,1,0,-3,-1,-1,-2,0,1,0,-1,0,0,0,0
ForgivingPenguin,Right,2,0,0,-2,0,0,-2,0,0,0,0,0,0,0,0
ForgivingSquid,Control,34,9,6,-28,-3,-26,-25,3,3,4,1,5,0,-5,12
FortunateWolverine,Right,14,5,4,-10,-1,-14,-9,4,1,2,1,2,2,0,1
FriendlyBaboon,Right,34,20,10,-24,-10,-34,-14,3,20,0,-20,0,10,10,7
GenerousArmadillo,Left,42,10,8,-34,-2,-42,-32,7,6,1,-5,3,4,1,9
GenerousEchidna,Right,6,0,1,-5,1,-1,-6,0,0,1,1,0,0,0,1
GenerousHummingbird,Control,18,7,3,-15,-4,-18,-11,0,0,1,1,7,2,-5,1
GentleCrow,Left,8,8,0,-8,-8,-8,0,0,0,0,0,8,0,-8,12
GentleTrout,Right,9,7,1,-8,-6,-9,-2,1,0,1,1,7,0,-7,6
GenuineBaboon,Control,20,2,5,-15,3,-17,-18,6,0,0,0,0,3,3,9
GenuineIguana,Left,5,2,2,-3,0,-5,-3,1,0,2,2,2,0,-2,2
GleefulDingo,Left,19,13,2,-17,-11,-19,-6,3,0,2,2,13,0,-13,23
GleefulOstrich,Right,11,6,3,-8,-3,-11,-5,2,0,0,0,0,0,0,1
GloriousBison,Control,36,15,2,-34,-13,-34,-21,6,0,2,2,12,0,-12,8
GloriousSeal,Right,12,10,1,-11,-9,-12,-2,0,8,0,-8,2,1,-1,6
GracefulPheasant,Right,10,3,1,-9,-2,-10,-7,5,0,1,1,3,0,-3,7
GracefulPorcupine,Left,13,6,6,-7,0,-13,-7,1,2,2,0,3,0,-3,11
GracefulShrimp,Control,20,11,1,-19,-10,-20,-9,6,3,1,-2,8,0,-8,2
GraciousDragonfly,Control,19,6,3,-16,-3,-16,-13,4,0,0,0,4,3,-1,16
GraciousHyena,Right,14,11,1,-13,-10,-14,-3,2,0,0,0,9,0,-9,12
GratefulChicken,Right,7,1,0,-7,-1,-4,-6,2,0,0,0,1,0,-1,1
GratefulOstrich,Control,28,11,13,-15,2,-28,-17,3,0,0,0,8,7,-1,13
HappyDuck,Control,6,4,1,-5,-3,-6,-2,1,3,0,-3,1,1,0,1
HappyPigeon,Right,22,11,7,-15,-4,-21,-11,2,0,5,5,8,0,-8,1
HarmoniousCat,Left,14,4,1,-13,-3,-11,-10,4,4,0,-4,0,0,0,7
HarmoniousViper,Right,3,0,3,0,3,-3,-3,0,0,0,0,0,3,3,0
HeartfeltBandicoot,Right,8,3,0,-8,-3,-8,-5,2,0,0,0,2,0,-2,2
HelpfulBee,Right,9,0,2,-7,2,-9,-9,3,0,2,2,0,0,0,2
HonestLion,Right,10,5,2,-8,-3,-10,-5,3,2,1,-1,2,1,-1,2
HonestPossum,Control,5,1,0,-5,-1,-2,-4,0,0,0,0,0,0,0,2
HopefulBoa,Left,13,8,0,-13,-8,-12,-5,3,0,0,0,6,0,-6,10
HopefulKiwi,Right,3,0,1,-2,1,-3,-3,0,0,1,1,0,0,0,0
HopefulLemur,Control,41,9,3,-38,-6,-33,-32,4,4,1,-3,1,2,1,11
HumbleLorikeet,Left,46,17,7,-39,-10,-46,-29,14,2,2,0,14,5,-9,33
IdealDonkey,Right,69,35,13,-56,-22,-69,-34,6,18,0,-18,5,9,4,25
IdealEel,Left,15,1,8,-7,7,-15,-14,1,0,5,5,1,2,1,5
IdealPuma,Control,11,3,4,-7,1,-11,-8,1,0,2,2,3,2,-1,6
ImaginativeFlamingo,Control,21,9,3,-18,-6,-21,-12,0,0,2,2,7,1,-6,6
ImaginativeHedgehog,Right,5,3,2,-3,-1,-5,-2,0,0,2,2,3,0,-3,3
ImaginativeWolverine,Left,18,13,1,-17,-12,-16,-5,2,0,1,1,13,0,-13,21
ImpressiveBison,Right,23,3,3,-20,0,-22,-20,2,1,2,1,2,1,-1,15
ImpressivePanda,Left,9,2,1,-8,-1,-3,-7,0,0,0,0,0,0,0,3
IndependentIguana,Control,78,18,8,-70,-10,-58,-60,7,4,1,-3,10,5,-5,71
InnovativeGrasshopper,Right,55,16,18,-37,2,-47,-39,4,8,1,-7,3,15,12,18
InnovativeOcelot,Left,9,1,0,-9,-1,-5,-8,0,0,0,0,1,0,-1,5
InnovativeOtter,Control,6,2,1,-5,-1,-5,-4,1,2,0,-2,0,1,1,7
InsightfulEagle,Right,68,29,19,-49,-10,-68,-39,11,29,0,-29,0,19,19,34
InsightfulHornet,Left,4,0,1,-3,1,-4,-4,0,0,1,1,0,0,0,0
InspiringCrab,Right,15,6,3,-12,-3,-15,-9,5,4,0,-4,2,3,1,12
InspiringReindeer,Control,13,6,4,-9,-2,-12,-7,0,1,2,1,5,2,-3,12
JollyOctopus,Right,18,12,3,-15,-9,-18,-6,2,7,0,-7,3,2,-1,3
JoyfulAardvark,Right,11,1,2,-9,1,-7,-10,2,1,0,-1,0,2,2,2
JoyfulNewt,Left,29,11,10,-19,-1,-28,-18,1,1,8,7,8,1,-7,19
JoyousFirefly,Left,48,1,0,-48,-1,-40,-47,0,0,0,0,1,0,-1,9
JoyousPanther,Control,21,4,4,-17,0,-21,-17,6,0,2,2,4,0,-4,13
JoyousWallaby,Right,2,2,0,-2,-2,-2,0,0,0,0,0,2,0,-2,0
JubilantCat,Right,7,4,2,-5,-2,-7,-3,1,1,0,-1,1,1,0,2
JubilantLeopard,Control,4,4,0,-4,-4,-4,0,0,4,0,-4,0,0,0,3
JudiciousFox,Right,18,11,5,-13,-6,-17,-7,1,6,1,-5,5,4,-1,14
JustJaguar,Right,42,9,13,-29,4,-42,-33,2,0,9,9,9,4,-5,11
KeenCrow,Right,6,5,0,-6,-5,-5,-1,0,0,0,0,5,0,-5,5
KindDeer,Left,54,17,26,-28,9,-52,-37,2,6,1,-5,2,7,5,16
KindheartedDonkey,Control,6,2,1,-5,-1,-4,-4,0,0,0,0,2,1,-1,6
KindheartedPuma,Right,23,8,6,-17,-2,-23,-15,2,6,3,-3,0,3,3,4
KindheartedStingray,Left,46,9,6,-40,-3,-44,-37,1,7,0,-7,2,6,4,17
KnowledgeableJellyfish,Right,33,13,6,-27,-7,-28,-20,3,6,0,-6,7,6,-1,33
KnowledgeableRabbit,Control,13,0,2,-11,2,-12,-13,9,0,0,0,0,0,0,3
LaudableStingray,Right,7,4,0,-7,-4,-7,-3,0,0,0,0,3,0,-3,2
LavishHare,Control,6,4,1,-5,-3,-6,-2,1,2,1,-1,2,0,-2,1
LavishPenguin,Left,5,0,0,-5,0,-5,-5,0,0,0,0,0,0,0,4
LavishPorpoise,Right,58,17,5,-53,-12,-55,-41,11,1,2,1,13,1,-12,18
LightheartedEmu,Right,13,9,2,-11,-7,-12,-4,0,0,0,0,6,0,-6,0
LightheartedWoodpecker,Left,10,6,2,-8,-4,-10,-4,1,2,0,-2,0,1,1,7
LivelyGorilla,Control,1,1,0,-1,-1,-1,0,0,0,0,0,1,0,-1,0
LovableDuck,Right,5,2,3,-2,1,-5,-3,0,2,0,-2,0,3,3,0
LovingButterfly,Control,24,6,9,-15,3,-24,-18,7,1,6,5,5,3,-2,14
LovingFireworm,Right,15,5,3,-12,-2,-15,-10,1,0,1,1,1,0,-1,19
LoyalDragon,Control,38,22,12,-26,-10,-38,-16,3,1,5,4,21,2,-19,13
LoyalMonkey,Left,18,4,4,-14,0,-14,-14,4,0,0,0,3,0,-3,1
LuminousHornet,Control,26,5,10,-16,5,-23,-21,5,0,6,6,4,3,-1,28
MagnanimousCow,Control,3,1,1,-2,0,-3,-2,0,0,1,1,1,0,-1,0
MagnificentAardvark,Control,12,3,1,-11,-2,-7,-9,3,1,0,-1,2,1,-1,3
MagnificentBuffalo,Right,17,9,4,-13,-5,-16,-8,3,2,4,2,7,0,-7,1
MagnificentPig,Left,17,2,1,-16,-1,-17,-15,4,0,0,0,2,1,-1,3
MajesticGecko,Control,7,0,5,-2,5,-7,-7,1,0,0,0,0,5,5,4
MajesticPlatypus,Left,8,0,3,-5,3,-5,-8,0,0,1,1,0,2,2,0
MajesticYak,Right,2,0,0,-2,0,-1,-2,0,0,0,0,0,0,0,0
MarvelousChimpanzee,Left,6,0,0,-6,0,0,-6,0,0,0,0,0,0,0,2
MarvelousHare,Right,14,9,3,-11,-6,-14,-5,0,2,1,-1,4,0,-4,3
MarvelousPorpoise,Control,17,6,3,-14,-3,-16,-11,7,1,1,0,5,1,-4,8
MerryPorcupine,Control,3,1,0,-3,-1,-3,-2,0,0,0,0,0,0,0,1
MerryToucan,Left,24,12,2,-22,-10,-24,-12,1,0,0,0,1,1,0,14
MindfulEel,Control,10,2,5,-5,3,-10,-8,3,2,0,-2,0,5,5,1
MindfulFerret,Right,1,1,0,-1,-1,-1,0,0,0,0,0,1,0,-1,0
MindfulWildebeest,Left,23,15,3,-20,-12,-23,-8,2,0,3,3,15,0,-15,7
MotivatedBandicoot,Left,22,11,3,-19,-8,-21,-11,4,6,0,-6,2,0,-2,22
MotivatedOcelot,Control,17,6,7,-10,1,-17,-11,4,3,1,-2,3,6,3,3
NeatChicken,Left,34,9,5,-29,-4,-34,-25,11,0,0,0,0,4,4,17
NeatLemur,Right,5,1,1,-4,0,-5,-4,0,1,0,-1,0,1,1,0
NeatViper,Control,10,3,5,-5,2,-9,-7,1,0,2,2,0,0,0,1
NobleLobster,Right,17,6,4,-13,-2,-17,-11,7,5,0,-5,1,3,2,8
NotableHummingbird,Right,14,4,4,-10,0,-14,-10,1,1,4,3,3,0,-3,7
NurturingLlama,Control,8,5,0,-8,-5,-8,-3,0,0,0,0,0,0,0,0
ObservantBadger,Right,5,2,2,-3,0,-5,-3,1,0,0,0,1,1,0,0
ObservantRaccoon,Control,18,7,4,-14,-3,-17,-11,4,7,0,-7,0,4,4,0
OptimisticQuoll,Left,3,0,0,-3,0,-1,-3,0,0,0,0,0,0,0,2
OptimisticTortoise,Right,13,4,3,-10,-1,-9,-9,2,1,1,0,1,1,0,7
OutstandingSeahorse,Right,46,19,9,-37,-10,-34,-27,0,1,2,1,17,7,-10,36
PassionateAlligator,Right,42,11,8,-34,-3,-42,-31,4,2,7,5,6,0,-6,18
PassionateCondor,Left,28,10,8,-20,-2,-28,-18,3,3,3,0,7,5,-2,6
PassionateOwl,Control,35,14,8,-27,-6,-35,-21,7,0,1,1,7,1,-6,9
PatientOcelot,Right,46,19,19,-27,0,-46,-27,7,18,0,-18,1,19,18,26
PeacefulMongoose,Control,3,3,0,-3,-3,-3,0,0,0,0,0,3,0,-3,3
PersistentWombat,Control,15,14,0,-15,-14,-15,-1,1,0,0,0,14,0,-14,11
PlayfulDeer,Control,15,4,1,-14,-3,-11,-11,5,0,0,0,4,0,-4,16
PlayfulElk,Left,31,19,9,-22,-10,-31,-12,1,0,9,9,19,0,-19,23
PlayfulGecko,Right,4,3,0,-4,-3,-4,-1,1,2,0,-2,1,0,-1,0
PositiveGrasshopper,Control,17,8,7,-10,-1,-16,-9,0,2,1,-1,6,6,0,2
PositiveTurkey,Right,2,0,0,-2,0,-2,-2,0,0,0,0,0,0,0,0
QuaintPanther,Right,2,2,0,-2,-2,-2,0,0,0,0,0,2,0,-2,0
QuaintPelican,Left,11,5,2,-9,-3,-10,-6,1,0,2,2,5,0,-5,11
QualifiedFrog,Left,8,3,3,-5,0,-8,-5,2,0,3,3,3,0,-3,2
QualifiedSalamander,Right,10,5,3,-7,-2,-10,-5,0,0,0,0,4,3,-1,0
QuickMonkey,Control,38,11,4,-34,-7,-34,-27,13,0,0,0,7,3,-4,15
QuickOstrich,Left,16,13,2,-14,-11,-16,-3,1,0,1,1,6,0,-6,8
RadiantFalcon,Right,12,2,9,-3,7,-12,-10,1,0,1,1,2,6,4,3
RelaxedDragonfly,Right,52,18,24,-28,6,-52,-34,9,18,1,-17,0,23,23,17
ReliableCheetah,Right,5,3,1,-4,-2,-5,-2,1,2,0,-2,0,1,1,0
ReliableMacaw,Control,11,3,3,-8,0,-11,-8,0,1,0,-1,1,1,0,2
ReliableOctopus,Left,17,7,3,-14,-4,-16,-10,0,2,0,-2,1,0,-1,5
RemarkableGopher,Right,37,12,8,-29,-4,-37,-25,16,12,0,-12,0,8,8,22
RemarkableTurtle,Control,7,0,2,-5,2,-4,-7,0,0,0,0,0,2,2,3
ResilientOtter,Right,21,14,7,-14,-7,-21,-7,0,4,2,-2,10,5,-5,7
ResourcefulAntelope,Right,10,3,0,-10,-3,-10,-7,6,0,0,0,3,0,-3,2
RespectfulOwl,Left,5,1,1,-4,0,-3,-4,1,1,0,-1,0,1,1,0
SereneFerret,Control,7,1,3,-4,2,-7,-6,1,0,2,2,1,1,0,2
SereneHyena,Left,33,12,16,-17,4,-32,-21,1,3,2,-1,8,7,-1,5
SincereLadybug,Right,17,9,5,-12,-4,-15,-8,1,3,0,-3,1,2,1,4
SincereNumbat,Left,26,10,6,-20,-4,-24,-16,6,3,2,-1,7,4,-3,26
SmartGibbon,Left,17,15,1,-16,-14,-17,-2,1,0,0,0,15,1,-14,2
SmilingWhale,Left,7,1,3,-4,2,-7,-6,3,0,0,0,0,0,0,1
SpiritedSalamander,Control,28,6,8,-20,2,-28,-22,8,0,0,0,2,6,4,5
SplendidCheetah,Control,8,3,2,-6,-1,-7,-5,2,0,0,0,3,2,-1,5
SplendidCockatoo,Right,94,20,48,-46,28,-94,-74,4,0,42,42,20,1,-19,36
StrongDog,Left,9,3,4,-5,1,-8,-6,1,0,0,0,3,4,1,0
SunnyFinch,Right,3,2,0,-3,-2,-3,-1,1,0,0,0,2,0,-2,0
SunnySalamander,Left,12,4,7,-5,3,-12,-8,1,0,6,6,4,1,-3,4
SunnySparrow,Control,18,3,10,-8,7,-17,-15,2,0,0,0,2,9,7,4
SupportiveCrocodile,Control,2,2,0,-2,-2,-2,0,0,0,0,0,2,0,-2,0
SupportiveHeron,Left,6,2,3,-3,1,-6,-4,1,0,0,0,2,3,1,3
SupportiveRhinoceros,Right,9,5,3,-6,-2,-9,-4,1,0,3,3,5,0,-5,10
SweetGazelle,Left,18,6,1,-17,-5,-18,-12,1,0,0,0,2,0,-2,7
SympatheticQuokka,Left,9,2,1,-8,-1,-8,-7,4,0,1,1,0,0,0,2
SympatheticWoodpecker,Right,18,5,7,-11,2,-18,-13,0,2,6,4,3,1,-2,4
TalentedRhinoceros,Control,12,4,4,-8,0,-11,-8,2,3,0,-3,1,4,3,1
TenaciousIbis,Control,12,9,3,-9,-6,-12,-3,0,0,2,2,9,1,-8,8
TenderEchidna,Control,29,13,6,-23,-7,-29,-16,4,9,1,-8,0,5,5,7
TenderMoose,Right,9,5,1,-8,-4,-9,-4,2,4,0,-4,1,1,0,10
TenderWallaby,Left,4,3,1,-3,-2,-4,-1,0,0,1,1,3,0,-3,3
ThoughtfulCricket,Left,17,3,9,-8,6,-17,-14,3,3,3,0,0,6,6,9
ThrivingBat,Control,5,4,0,-5,-4,-5,-1,0,0,0,0,4,0,-4,0
ThrivingHorse,Left,74,28,15,-59,-13,-74,-46,5,3,4,1,23,8,-15,36
ThrivingImpala,Right,7,4,2,-5,-2,-6,-3,0,0,0,0,0,1,1,1
TrustworthyAlligator,Left,6,2,3,-3,1,-6,-4,1,0,0,0,0,0,0,0
TrustworthySquid,Right,33,11,8,-25,-3,-33,-22,3,5,3,-2,2,4,2,9
UnderstandingManatee,Control,24,5,1,-23,-4,-20,-19,2,2,0,-2,1,1,0,9
UnderstandingPossum,Left,89,29,29,-60,0,-78,-60,7,0,22,22,25,3,-22,68
UniqueSnail,Left,29,17,3,-26,-14,-28,-12,4,8,0,-8,3,2,-1,24
UpbeatCougar,Right,1,0,0,-1,0,-1,-1,0,0,0,0,0,0,0,0
UpbeatParrot,Left,10,7,0,-10,-7,-8,-3,0,0,0,0,7,0,-7,2
ValorousBeaver,Right,13,6,2,-11,-4,-11,-7,2,2,0,-2,0,0,0,1
VibrantGrizzly,Right,7,5,0,-7,-5,-7,-2,0,1,0,-1,3,0,-3,3
VibrantJellyfish,Control,20,6,10,-10,4,-19,-14,0,1,4,3,5,6,1,13
VibrantMantis,Left,30,7,10,-20,3,-30,-23,0,2,4,2,5,6,1,8
VictoriousKoala,Left,18,9,6,-12,-3,-17,-9,2,1,0,-1,7,6,-1,8
VictoriousPenguin,Control,4,1,1,-3,0,-4,-3,0,0,1,1,1,0,-1,3
VirtuousArmadillo,Right,19,6,8,-11,2,-19,-13,2,1,3,2,5,5,0,14
VirtuousMeerkat,Left,12,2,3,-9,1,-12,-10,4,0,1,1,1,0,-1,1
VividGiraffe,Left,4,1,0,-4,-1,-4,-3,0,0,0,0,1,0,-1,3
WarmKingfisher,Control,10,3,4,-6,1,-10,-7,0,0,4,4,3,0,-3,0
WarmShark,Right,4,0,0,-4,0,-4,-4,3,0,0,0,0,0,0,2
WarmTurkey,Left,18,4,2,-16,-2,-16,-14,4,4,0,-4,0,1,1,6
WelcomingFrog,Right,46,20,8,-38,-12,-45,-26,7,3,4,1,14,1,-13,17
WholesomeHummingbird,Left,12,3,9,-3,6,-12,-9,0,2,4,2,1,5,4,9
WholesomeSparrow,Right,15,5,1,-14,-4,-15,-10,1,2,1,-1,3,0,-3,5
WiseKingfisher,Left,44,17,10,-34,-7,-44,-27,3,16,0,-16,1,9,8,10
WonderfulGorilla,Left,24,3,0,-24,-3,-16,-21,0,0,0,0,3,0,-3,27
YearningHare,Left,10,5,3,-7,-2,-10,-5,2,0,0,0,0,1,1,6
YearningRooster,Right,17,4,8,-9,4,-17,-13,4,4,0,-4,0,6,6,1
YoungHawk,Left,2,1,0,-2,-1,-1,-1,0,1,0,-1,0,0,0,0
YoungJaguar,Control,9,2,1,-8,-1,-9,-7,3,2,0,-2,0,1,1,2
YouthfulPeacock,Left,45,9,1,-44,-8,-43,-36,8,0,1,1,9,0,-9,15
ZenBat,Left,9,1,7,-2,6,-9,-8,1,0,0,0,1,7,6,1
ZenPig,Control,23,10,4,-19,-6,-23,-13,2,8,1,-7,1,3,2,3
ZestfulMagpie,Control,25,9,7,-18,-2,-25,-16,6,0,3,3,0,0,0,5
NA,Control,0,172,110,110,-62,65,172,134,0,0,0,0,0,0,935
NA,Left,0,323,110,110,-213,108,323,116,0,0,0,0,0,0,1313
NA,Right,0,399,289,289,-110,85,399,122,0,0,0,0,0,0,1008
